Violação,Total de Denúncias,Mês,Mês Número,Ano
Não classificado,0,Janeiro,1,2006
Homofobia,2,Janeiro,1,2006
Neo Nazismo,8,Janeiro,1,2006
Tráfico de Pessoas,0,Janeiro,1,2006
Apologia e Incitação a crimes contra a Vida,2,Janeiro,1,2006
Intolerância Religiosa,0,Janeiro,1,2006
Maus Tratos Contra Animais,2,Janeiro,1,2006
Racismo,4,Janeiro,1,2006
Pornografia Infantil,75,Janeiro,1,2006
Violência ou Discriminação contra Mulheres,0,Janeiro,1,2006
Xenofobia,5,Janeiro,1,2006
Não classificado,0,Fevereiro,2,2006
Homofobia,9,Fevereiro,2,2006
Neo Nazismo,71,Fevereiro,2,2006
Tráfico de Pessoas,0,Fevereiro,2,2006
Apologia e Incitação a crimes contra a Vida,30,Fevereiro,2,2006
Intolerância Religiosa,8,Fevereiro,2,2006
Maus Tratos Contra Animais,25,Fevereiro,2,2006
Racismo,66,Fevereiro,2,2006
Pornografia Infantil,145,Fevereiro,2,2006
Violência ou Discriminação contra Mulheres,0,Fevereiro,2,2006
Xenofobia,7,Fevereiro,2,2006
Não classificado,0,Março,3,2006
Homofobia,87,Março,3,2006
Neo Nazismo,329,Março,3,2006
Tráfico de Pessoas,1,Março,3,2006
Apologia e Incitação a crimes contra a Vida,254,Março,3,2006
Intolerância Religiosa,95,Março,3,2006
Maus Tratos Contra Animais,267,Março,3,2006
Racismo,740,Março,3,2006
Pornografia Infantil,683,Março,3,2006
Violência ou Discriminação contra Mulheres,0,Março,3,2006
Xenofobia,48,Março,3,2006
Não classificado,0,Abril,4,2006
Homofobia,382,Abril,4,2006
Neo Nazismo,903,Abril,4,2006
Tráfico de Pessoas,1,Abril,4,2006
Apologia e Incitação a crimes contra a Vida,1077,Abril,4,2006
Intolerância Religiosa,328,Abril,4,2006
Maus Tratos Contra Animais,547,Abril,4,2006
Racismo,1342,Abril,4,2006
Pornografia Infantil,9349,Abril,4,2006
Violência ou Discriminação contra Mulheres,0,Abril,4,2006
Xenofobia,191,Abril,4,2006
Não classificado,0,Maio,5,2006
Homofobia,223,Maio,5,2006
Neo Nazismo,1083,Maio,5,2006
Tráfico de Pessoas,0,Maio,5,2006
Apologia e Incitação a crimes contra a Vida,3627,Maio,5,2006
Intolerância Religiosa,1506,Maio,5,2006
Maus Tratos Contra Animais,1137,Maio,5,2006
Racismo,1043,Maio,5,2006
Pornografia Infantil,4617,Maio,5,2006
Violência ou Discriminação contra Mulheres,0,Maio,5,2006
Xenofobia,152,Maio,5,2006
Não classificado,0,Junho,6,2006
Homofobia,561,Junho,6,2006
Neo Nazismo,3375,Junho,6,2006
Tráfico de Pessoas,0,Junho,6,2006
Apologia e Incitação a crimes contra a Vida,4574,Junho,6,2006
Intolerância Religiosa,1402,Junho,6,2006
Maus Tratos Contra Animais,3856,Junho,6,2006
Racismo,1479,Junho,6,2006
Pornografia Infantil,8938,Junho,6,2006
Violência ou Discriminação contra Mulheres,0,Junho,6,2006
Xenofobia,281,Junho,6,2006
Não classificado,0,Julho,7,2006
Homofobia,422,Julho,7,2006
Neo Nazismo,4848,Julho,7,2006
Tráfico de Pessoas,0,Julho,7,2006
Apologia e Incitação a crimes contra a Vida,4195,Julho,7,2006
Intolerância Religiosa,1295,Julho,7,2006
Maus Tratos Contra Animais,4066,Julho,7,2006
Racismo,2739,Julho,7,2006
Pornografia Infantil,10607,Julho,7,2006
Violência ou Discriminação contra Mulheres,0,Julho,7,2006
Xenofobia,257,Julho,7,2006
Não classificado,0,Agosto,8,2006
Homofobia,229,Agosto,8,2006
Neo Nazismo,2944,Agosto,8,2006
Tráfico de Pessoas,0,Agosto,8,2006
Apologia e Incitação a crimes contra a Vida,9830,Agosto,8,2006
Intolerância Religiosa,2636,Agosto,8,2006
Maus Tratos Contra Animais,4446,Agosto,8,2006
Racismo,2288,Agosto,8,2006
Pornografia Infantil,9283,Agosto,8,2006
Violência ou Discriminação contra Mulheres,0,Agosto,8,2006
Xenofobia,141,Agosto,8,2006
Não classificado,0,Setembro,9,2006
Homofobia,4446,Setembro,9,2006
Neo Nazismo,4402,Setembro,9,2006
Tráfico de Pessoas,0,Setembro,9,2006
Apologia e Incitação a crimes contra a Vida,12183,Setembro,9,2006
Intolerância Religiosa,3478,Setembro,9,2006
Maus Tratos Contra Animais,6866,Setembro,9,2006
Racismo,2558,Setembro,9,2006
Pornografia Infantil,19016,Setembro,9,2006
Violência ou Discriminação contra Mulheres,0,Setembro,9,2006
Xenofobia,294,Setembro,9,2006
Não classificado,0,Outubro,10,2006
Homofobia,5375,Outubro,10,2006
Neo Nazismo,4546,Outubro,10,2006
Tráfico de Pessoas,0,Outubro,10,2006
Apologia e Incitação a crimes contra a Vida,11385,Outubro,10,2006
Intolerância Religiosa,5203,Outubro,10,2006
Maus Tratos Contra Animais,12753,Outubro,10,2006
Racismo,4197,Outubro,10,2006
Pornografia Infantil,13284,Outubro,10,2006
Violência ou Discriminação contra Mulheres,0,Outubro,10,2006
Xenofobia,634,Outubro,10,2006
Não classificado,0,Novembro,11,2006
Homofobia,6189,Novembro,11,2006
Neo Nazismo,6628,Novembro,11,2006
Tráfico de Pessoas,0,Novembro,11,2006
Apologia e Incitação a crimes contra a Vida,15044,Novembro,11,2006
Intolerância Religiosa,8273,Novembro,11,2006
Maus Tratos Contra Animais,14992,Novembro,11,2006
Racismo,6814,Novembro,11,2006
Pornografia Infantil,19767,Novembro,11,2006
Violência ou Discriminação contra Mulheres,0,Novembro,11,2006
Xenofobia,1364,Novembro,11,2006
Não classificado,0,Dezembro,12,2006
Homofobia,2167,Dezembro,12,2006
Neo Nazismo,3780,Dezembro,12,2006
Tráfico de Pessoas,0,Dezembro,12,2006
Apologia e Incitação a crimes contra a Vida,6981,Dezembro,12,2006
Intolerância Religiosa,3505,Dezembro,12,2006
Maus Tratos Contra Animais,6566,Dezembro,12,2006
Racismo,2565,Dezembro,12,2006
Pornografia Infantil,22845,Dezembro,12,2006
Violência ou Discriminação contra Mulheres,0,Dezembro,12,2006
Xenofobia,424,Dezembro,12,2006
Não classificado,0,Janeiro,1,2007
Homofobia,731,Janeiro,1,2007
Neo Nazismo,2319,Janeiro,1,2007
Tráfico de Pessoas,0,Janeiro,1,2007
Apologia e Incitação a crimes contra a Vida,6614,Janeiro,1,2007
Intolerância Religiosa,2777,Janeiro,1,2007
Maus Tratos Contra Animais,5914,Janeiro,1,2007
Racismo,2317,Janeiro,1,2007
Pornografia Infantil,12208,Janeiro,1,2007
Violência ou Discriminação contra Mulheres,0,Janeiro,1,2007
Xenofobia,549,Janeiro,1,2007
Não classificado,0,Fevereiro,2,2007
Homofobia,1110,Fevereiro,2,2007
Neo Nazismo,1640,Fevereiro,2,2007
Tráfico de Pessoas,0,Fevereiro,2,2007
Apologia e Incitação a crimes contra a Vida,6413,Fevereiro,2,2007
Intolerância Religiosa,1842,Fevereiro,2,2007
Maus Tratos Contra Animais,5788,Fevereiro,2,2007
Racismo,2524,Fevereiro,2,2007
Pornografia Infantil,8177,Fevereiro,2,2007
Violência ou Discriminação contra Mulheres,0,Fevereiro,2,2007
Xenofobia,428,Fevereiro,2,2007
Não classificado,0,Março,3,2007
Homofobia,1081,Março,3,2007
Neo Nazismo,1745,Março,3,2007
Tráfico de Pessoas,0,Março,3,2007
Apologia e Incitação a crimes contra a Vida,10427,Março,3,2007
Intolerância Religiosa,2263,Março,3,2007
Maus Tratos Contra Animais,5601,Março,3,2007
Racismo,4138,Março,3,2007
Pornografia Infantil,14978,Março,3,2007
Violência ou Discriminação contra Mulheres,0,Março,3,2007
Xenofobia,377,Março,3,2007
Não classificado,0,Abril,4,2007
Homofobia,1410,Abril,4,2007
Neo Nazismo,1593,Abril,4,2007
Tráfico de Pessoas,0,Abril,4,2007
Apologia e Incitação a crimes contra a Vida,8706,Abril,4,2007
Intolerância Religiosa,1944,Abril,4,2007
Maus Tratos Contra Animais,4677,Abril,4,2007
Racismo,2238,Abril,4,2007
Pornografia Infantil,24038,Abril,4,2007
Violência ou Discriminação contra Mulheres,0,Abril,4,2007
Xenofobia,1187,Abril,4,2007
Não classificado,0,Maio,5,2007
Homofobia,3230,Maio,5,2007
Neo Nazismo,2671,Maio,5,2007
Tráfico de Pessoas,0,Maio,5,2007
Apologia e Incitação a crimes contra a Vida,9295,Maio,5,2007
Intolerância Religiosa,2422,Maio,5,2007
Maus Tratos Contra Animais,3138,Maio,5,2007
Racismo,2140,Maio,5,2007
Pornografia Infantil,40431,Maio,5,2007
Violência ou Discriminação contra Mulheres,0,Maio,5,2007
Xenofobia,2385,Maio,5,2007
Não classificado,0,Junho,6,2007
Homofobia,1115,Junho,6,2007
Neo Nazismo,9310,Junho,6,2007
Tráfico de Pessoas,0,Junho,6,2007
Apologia e Incitação a crimes contra a Vida,22896,Junho,6,2007
Intolerância Religiosa,3411,Junho,6,2007
Maus Tratos Contra Animais,4295,Junho,6,2007
Racismo,1906,Junho,6,2007
Pornografia Infantil,27054,Junho,6,2007
Violência ou Discriminação contra Mulheres,0,Junho,6,2007
Xenofobia,1943,Junho,6,2007
Não classificado,0,Julho,7,2007
Homofobia,945,Julho,7,2007
Neo Nazismo,4795,Julho,7,2007
Tráfico de Pessoas,1,Julho,7,2007
Apologia e Incitação a crimes contra a Vida,26084,Julho,7,2007
Intolerância Religiosa,4669,Julho,7,2007
Maus Tratos Contra Animais,9115,Julho,7,2007
Racismo,3698,Julho,7,2007
Pornografia Infantil,27559,Julho,7,2007
Violência ou Discriminação contra Mulheres,0,Julho,7,2007
Xenofobia,909,Julho,7,2007
Não classificado,0,Agosto,8,2007
Homofobia,935,Agosto,8,2007
Neo Nazismo,3236,Agosto,8,2007
Tráfico de Pessoas,0,Agosto,8,2007
Apologia e Incitação a crimes contra a Vida,13179,Agosto,8,2007
Intolerância Religiosa,5239,Agosto,8,2007
Maus Tratos Contra Animais,8678,Agosto,8,2007
Racismo,2547,Agosto,8,2007
Pornografia Infantil,33885,Agosto,8,2007
Violência ou Discriminação contra Mulheres,0,Agosto,8,2007
Xenofobia,361,Agosto,8,2007
Não classificado,0,Setembro,9,2007
Homofobia,803,Setembro,9,2007
Neo Nazismo,2707,Setembro,9,2007
Tráfico de Pessoas,0,Setembro,9,2007
Apologia e Incitação a crimes contra a Vida,9347,Setembro,9,2007
Intolerância Religiosa,4691,Setembro,9,2007
Maus Tratos Contra Animais,4895,Setembro,9,2007
Racismo,1734,Setembro,9,2007
Pornografia Infantil,25365,Setembro,9,2007
Violência ou Discriminação contra Mulheres,0,Setembro,9,2007
Xenofobia,376,Setembro,9,2007
Não classificado,0,Outubro,10,2007
Homofobia,570,Outubro,10,2007
Neo Nazismo,1924,Outubro,10,2007
Tráfico de Pessoas,0,Outubro,10,2007
Apologia e Incitação a crimes contra a Vida,10498,Outubro,10,2007
Intolerância Religiosa,2819,Outubro,10,2007
Maus Tratos Contra Animais,2595,Outubro,10,2007
Racismo,1713,Outubro,10,2007
Pornografia Infantil,18539,Outubro,10,2007
Violência ou Discriminação contra Mulheres,0,Outubro,10,2007
Xenofobia,753,Outubro,10,2007
Não classificado,0,Novembro,11,2007
Homofobia,701,Novembro,11,2007
Neo Nazismo,2863,Novembro,11,2007
Tráfico de Pessoas,0,Novembro,11,2007
Apologia e Incitação a crimes contra a Vida,21463,Novembro,11,2007
Intolerância Religiosa,8010,Novembro,11,2007
Maus Tratos Contra Animais,4303,Novembro,11,2007
Racismo,2529,Novembro,11,2007
Pornografia Infantil,18665,Novembro,11,2007
Violência ou Discriminação contra Mulheres,0,Novembro,11,2007
Xenofobia,1425,Novembro,11,2007
Não classificado,0,Dezembro,12,2007
Homofobia,886,Dezembro,12,2007
Neo Nazismo,1844,Dezembro,12,2007
Tráfico de Pessoas,0,Dezembro,12,2007
Apologia e Incitação a crimes contra a Vida,14062,Dezembro,12,2007
Intolerância Religiosa,4759,Dezembro,12,2007
Maus Tratos Contra Animais,1737,Dezembro,12,2007
Racismo,1339,Dezembro,12,2007
Pornografia Infantil,15697,Dezembro,12,2007
Violência ou Discriminação contra Mulheres,0,Dezembro,12,2007
Xenofobia,439,Dezembro,12,2007
Não classificado,0,Janeiro,1,2008
Homofobia,841,Janeiro,1,2008
Neo Nazismo,2954,Janeiro,1,2008
Tráfico de Pessoas,0,Janeiro,1,2008
Apologia e Incitação a crimes contra a Vida,15391,Janeiro,1,2008
Intolerância Religiosa,4068,Janeiro,1,2008
Maus Tratos Contra Animais,2365,Janeiro,1,2008
Racismo,2876,Janeiro,1,2008
Pornografia Infantil,15384,Janeiro,1,2008
Violência ou Discriminação contra Mulheres,0,Janeiro,1,2008
Xenofobia,708,Janeiro,1,2008
Não classificado,0,Fevereiro,2,2008
Homofobia,581,Fevereiro,2,2008
Neo Nazismo,4138,Fevereiro,2,2008
Tráfico de Pessoas,0,Fevereiro,2,2008
Apologia e Incitação a crimes contra a Vida,12050,Fevereiro,2,2008
Intolerância Religiosa,2439,Fevereiro,2,2008
Maus Tratos Contra Animais,2190,Fevereiro,2,2008
Racismo,1210,Fevereiro,2,2008
Pornografia Infantil,15284,Fevereiro,2,2008
Violência ou Discriminação contra Mulheres,0,Fevereiro,2,2008
Xenofobia,876,Fevereiro,2,2008
Não classificado,0,Março,3,2008
Homofobia,672,Março,3,2008
Neo Nazismo,5916,Março,3,2008
Tráfico de Pessoas,2,Março,3,2008
Apologia e Incitação a crimes contra a Vida,8822,Março,3,2008
Intolerância Religiosa,2711,Março,3,2008
Maus Tratos Contra Animais,2976,Março,3,2008
Racismo,1092,Março,3,2008
Pornografia Infantil,17950,Março,3,2008
Violência ou Discriminação contra Mulheres,0,Março,3,2008
Xenofobia,1054,Março,3,2008
Não classificado,0,Abril,4,2008
Homofobia,499,Abril,4,2008
Neo Nazismo,3976,Abril,4,2008
Tráfico de Pessoas,0,Abril,4,2008
Apologia e Incitação a crimes contra a Vida,12091,Abril,4,2008
Intolerância Religiosa,2850,Abril,4,2008
Maus Tratos Contra Animais,2221,Abril,4,2008
Racismo,1075,Abril,4,2008
Pornografia Infantil,19345,Abril,4,2008
Violência ou Discriminação contra Mulheres,0,Abril,4,2008
Xenofobia,1070,Abril,4,2008
Não classificado,0,Maio,5,2008
Homofobia,834,Maio,5,2008
Neo Nazismo,5172,Maio,5,2008
Tráfico de Pessoas,0,Maio,5,2008
Apologia e Incitação a crimes contra a Vida,11796,Maio,5,2008
Intolerância Religiosa,3693,Maio,5,2008
Maus Tratos Contra Animais,3529,Maio,5,2008
Racismo,2010,Maio,5,2008
Pornografia Infantil,27216,Maio,5,2008
Violência ou Discriminação contra Mulheres,0,Maio,5,2008
Xenofobia,1626,Maio,5,2008
Não classificado,0,Junho,6,2008
Homofobia,587,Junho,6,2008
Neo Nazismo,4922,Junho,6,2008
Tráfico de Pessoas,1,Junho,6,2008
Apologia e Incitação a crimes contra a Vida,10360,Junho,6,2008
Intolerância Religiosa,6567,Junho,6,2008
Maus Tratos Contra Animais,3957,Junho,6,2008
Racismo,2602,Junho,6,2008
Pornografia Infantil,39645,Junho,6,2008
Violência ou Discriminação contra Mulheres,0,Junho,6,2008
Xenofobia,1637,Junho,6,2008
Não classificado,0,Julho,7,2008
Homofobia,1160,Julho,7,2008
Neo Nazismo,5966,Julho,7,2008
Tráfico de Pessoas,0,Julho,7,2008
Apologia e Incitação a crimes contra a Vida,11616,Julho,7,2008
Intolerância Religiosa,12234,Julho,7,2008
Maus Tratos Contra Animais,5330,Julho,7,2008
Racismo,2486,Julho,7,2008
Pornografia Infantil,33026,Julho,7,2008
Violência ou Discriminação contra Mulheres,0,Julho,7,2008
Xenofobia,2332,Julho,7,2008
Não classificado,0,Agosto,8,2008
Homofobia,495,Agosto,8,2008
Neo Nazismo,5158,Agosto,8,2008
Tráfico de Pessoas,0,Agosto,8,2008
Apologia e Incitação a crimes contra a Vida,10203,Agosto,8,2008
Intolerância Religiosa,9348,Agosto,8,2008
Maus Tratos Contra Animais,2775,Agosto,8,2008
Racismo,2403,Agosto,8,2008
Pornografia Infantil,27468,Agosto,8,2008
Violência ou Discriminação contra Mulheres,0,Agosto,8,2008
Xenofobia,1354,Agosto,8,2008
Não classificado,0,Setembro,9,2008
Homofobia,518,Setembro,9,2008
Neo Nazismo,4990,Setembro,9,2008
Tráfico de Pessoas,0,Setembro,9,2008
Apologia e Incitação a crimes contra a Vida,9350,Setembro,9,2008
Intolerância Religiosa,6335,Setembro,9,2008
Maus Tratos Contra Animais,2654,Setembro,9,2008
Racismo,3191,Setembro,9,2008
Pornografia Infantil,26552,Setembro,9,2008
Violência ou Discriminação contra Mulheres,0,Setembro,9,2008
Xenofobia,1796,Setembro,9,2008
Não classificado,0,Outubro,10,2008
Homofobia,730,Outubro,10,2008
Neo Nazismo,3326,Outubro,10,2008
Tráfico de Pessoas,0,Outubro,10,2008
Apologia e Incitação a crimes contra a Vida,5604,Outubro,10,2008
Intolerância Religiosa,5267,Outubro,10,2008
Maus Tratos Contra Animais,2101,Outubro,10,2008
Racismo,1682,Outubro,10,2008
Pornografia Infantil,25751,Outubro,10,2008
Violência ou Discriminação contra Mulheres,0,Outubro,10,2008
Xenofobia,1771,Outubro,10,2008
Não classificado,0,Novembro,11,2008
Homofobia,772,Novembro,11,2008
Neo Nazismo,4691,Novembro,11,2008
Tráfico de Pessoas,0,Novembro,11,2008
Apologia e Incitação a crimes contra a Vida,4968,Novembro,11,2008
Intolerância Religiosa,6284,Novembro,11,2008
Maus Tratos Contra Animais,2563,Novembro,11,2008
Racismo,2502,Novembro,11,2008
Pornografia Infantil,29134,Novembro,11,2008
Violência ou Discriminação contra Mulheres,0,Novembro,11,2008
Xenofobia,1240,Novembro,11,2008
Não classificado,0,Dezembro,12,2008
Homofobia,541,Dezembro,12,2008
Neo Nazismo,2707,Dezembro,12,2008
Tráfico de Pessoas,0,Dezembro,12,2008
Apologia e Incitação a crimes contra a Vida,4898,Dezembro,12,2008
Intolerância Religiosa,3462,Dezembro,12,2008
Maus Tratos Contra Animais,1753,Dezembro,12,2008
Racismo,2122,Dezembro,12,2008
Pornografia Infantil,16450,Dezembro,12,2008
Violência ou Discriminação contra Mulheres,0,Dezembro,12,2008
Xenofobia,1500,Dezembro,12,2008
Não classificado,0,Janeiro,1,2009
Homofobia,629,Janeiro,1,2009
Neo Nazismo,3332,Janeiro,1,2009
Tráfico de Pessoas,0,Janeiro,1,2009
Apologia e Incitação a crimes contra a Vida,6285,Janeiro,1,2009
Intolerância Religiosa,3829,Janeiro,1,2009
Maus Tratos Contra Animais,2580,Janeiro,1,2009
Racismo,2477,Janeiro,1,2009
Pornografia Infantil,14368,Janeiro,1,2009
Violência ou Discriminação contra Mulheres,0,Janeiro,1,2009
Xenofobia,1642,Janeiro,1,2009
Não classificado,0,Fevereiro,2,2009
Homofobia,1203,Fevereiro,2,2009
Neo Nazismo,5418,Fevereiro,2,2009
Tráfico de Pessoas,2,Fevereiro,2,2009
Apologia e Incitação a crimes contra a Vida,11842,Fevereiro,2,2009
Intolerância Religiosa,7869,Fevereiro,2,2009
Maus Tratos Contra Animais,4816,Fevereiro,2,2009
Racismo,5041,Fevereiro,2,2009
Pornografia Infantil,29873,Fevereiro,2,2009
Violência ou Discriminação contra Mulheres,0,Fevereiro,2,2009
Xenofobia,3237,Fevereiro,2,2009
Não classificado,0,Março,3,2009
Homofobia,1576,Março,3,2009
Neo Nazismo,6667,Março,3,2009
Tráfico de Pessoas,2,Março,3,2009
Apologia e Incitação a crimes contra a Vida,15911,Março,3,2009
Intolerância Religiosa,12911,Março,3,2009
Maus Tratos Contra Animais,5816,Março,3,2009
Racismo,4502,Março,3,2009
Pornografia Infantil,38523,Março,3,2009
Violência ou Discriminação contra Mulheres,0,Março,3,2009
Xenofobia,4841,Março,3,2009
Não classificado,0,Abril,4,2009
Homofobia,2141,Abril,4,2009
Neo Nazismo,6580,Abril,4,2009
Tráfico de Pessoas,2,Abril,4,2009
Apologia e Incitação a crimes contra a Vida,17249,Abril,4,2009
Intolerância Religiosa,9384,Abril,4,2009
Maus Tratos Contra Animais,5862,Abril,4,2009
Racismo,5505,Abril,4,2009
Pornografia Infantil,37721,Abril,4,2009
Violência ou Discriminação contra Mulheres,0,Abril,4,2009
Xenofobia,5287,Abril,4,2009
Não classificado,0,Maio,5,2009
Homofobia,2061,Maio,5,2009
Neo Nazismo,7426,Maio,5,2009
Tráfico de Pessoas,2,Maio,5,2009
Apologia e Incitação a crimes contra a Vida,25340,Maio,5,2009
Intolerância Religiosa,9329,Maio,5,2009
Maus Tratos Contra Animais,7116,Maio,5,2009
Racismo,4440,Maio,5,2009
Pornografia Infantil,39001,Maio,5,2009
Violência ou Discriminação contra Mulheres,0,Maio,5,2009
Xenofobia,7035,Maio,5,2009
Não classificado,0,Junho,6,2009
Homofobia,2853,Junho,6,2009
Neo Nazismo,5931,Junho,6,2009
Tráfico de Pessoas,3,Junho,6,2009
Apologia e Incitação a crimes contra a Vida,22655,Junho,6,2009
Intolerância Religiosa,7385,Junho,6,2009
Maus Tratos Contra Animais,6393,Junho,6,2009
Racismo,4784,Junho,6,2009
Pornografia Infantil,25693,Junho,6,2009
Violência ou Discriminação contra Mulheres,0,Junho,6,2009
Xenofobia,6214,Junho,6,2009
Não classificado,0,Julho,7,2009
Homofobia,1594,Julho,7,2009
Neo Nazismo,3418,Julho,7,2009
Tráfico de Pessoas,0,Julho,7,2009
Apologia e Incitação a crimes contra a Vida,9720,Julho,7,2009
Intolerância Religiosa,5017,Julho,7,2009
Maus Tratos Contra Animais,3412,Julho,7,2009
Racismo,2751,Julho,7,2009
Pornografia Infantil,17965,Julho,7,2009
Violência ou Discriminação contra Mulheres,0,Julho,7,2009
Xenofobia,3527,Julho,7,2009
Não classificado,0,Agosto,8,2009
Homofobia,803,Agosto,8,2009
Neo Nazismo,4086,Agosto,8,2009
Tráfico de Pessoas,2,Agosto,8,2009
Apologia e Incitação a crimes contra a Vida,8452,Agosto,8,2009
Intolerância Religiosa,3654,Agosto,8,2009
Maus Tratos Contra Animais,2440,Agosto,8,2009
Racismo,1823,Agosto,8,2009
Pornografia Infantil,17221,Agosto,8,2009
Violência ou Discriminação contra Mulheres,0,Agosto,8,2009
Xenofobia,2603,Agosto,8,2009
Não classificado,0,Setembro,9,2009
Homofobia,1091,Setembro,9,2009
Neo Nazismo,5623,Setembro,9,2009
Tráfico de Pessoas,6,Setembro,9,2009
Apologia e Incitação a crimes contra a Vida,9007,Setembro,9,2009
Intolerância Religiosa,2857,Setembro,9,2009
Maus Tratos Contra Animais,2502,Setembro,9,2009
Racismo,2201,Setembro,9,2009
Pornografia Infantil,16821,Setembro,9,2009
Violência ou Discriminação contra Mulheres,0,Setembro,9,2009
Xenofobia,1670,Setembro,9,2009
Não classificado,0,Outubro,10,2009
Homofobia,1327,Outubro,10,2009
Neo Nazismo,5313,Outubro,10,2009
Tráfico de Pessoas,3,Outubro,10,2009
Apologia e Incitação a crimes contra a Vida,9915,Outubro,10,2009
Intolerância Religiosa,4625,Outubro,10,2009
Maus Tratos Contra Animais,2559,Outubro,10,2009
Racismo,2868,Outubro,10,2009
Pornografia Infantil,12591,Outubro,10,2009
Violência ou Discriminação contra Mulheres,0,Outubro,10,2009
Xenofobia,2283,Outubro,10,2009
Não classificado,0,Novembro,11,2009
Homofobia,1265,Novembro,11,2009
Neo Nazismo,3785,Novembro,11,2009
Tráfico de Pessoas,1,Novembro,11,2009
Apologia e Incitação a crimes contra a Vida,6768,Novembro,11,2009
Intolerância Religiosa,3056,Novembro,11,2009
Maus Tratos Contra Animais,1644,Novembro,11,2009
Racismo,3505,Novembro,11,2009
Pornografia Infantil,13060,Novembro,11,2009
Violência ou Discriminação contra Mulheres,0,Novembro,11,2009
Xenofobia,2171,Novembro,11,2009
Não classificado,0,Dezembro,12,2009
Homofobia,1769,Dezembro,12,2009
Neo Nazismo,3272,Dezembro,12,2009
Tráfico de Pessoas,1,Dezembro,12,2009
Apologia e Incitação a crimes contra a Vida,6966,Dezembro,12,2009
Intolerância Religiosa,2802,Dezembro,12,2009
Maus Tratos Contra Animais,2063,Dezembro,12,2009
Racismo,2143,Dezembro,12,2009
Pornografia Infantil,9693,Dezembro,12,2009
Violência ou Discriminação contra Mulheres,0,Dezembro,12,2009
Xenofobia,2040,Dezembro,12,2009
Não classificado,0,Janeiro,1,2010
Homofobia,1809,Janeiro,1,2010
Neo Nazismo,4011,Janeiro,1,2010
Tráfico de Pessoas,0,Janeiro,1,2010
Apologia e Incitação a crimes contra a Vida,6275,Janeiro,1,2010
Intolerância Religiosa,2518,Janeiro,1,2010
Maus Tratos Contra Animais,2292,Janeiro,1,2010
Racismo,1825,Janeiro,1,2010
Pornografia Infantil,14695,Janeiro,1,2010
Violência ou Discriminação contra Mulheres,0,Janeiro,1,2010
Xenofobia,2596,Janeiro,1,2010
Não classificado,0,Fevereiro,2,2010
Homofobia,885,Fevereiro,2,2010
Neo Nazismo,2133,Fevereiro,2,2010
Tráfico de Pessoas,0,Fevereiro,2,2010
Apologia e Incitação a crimes contra a Vida,3462,Fevereiro,2,2010
Intolerância Religiosa,1322,Fevereiro,2,2010
Maus Tratos Contra Animais,830,Fevereiro,2,2010
Racismo,1423,Fevereiro,2,2010
Pornografia Infantil,8345,Fevereiro,2,2010
Violência ou Discriminação contra Mulheres,0,Fevereiro,2,2010
Xenofobia,1037,Fevereiro,2,2010
Não classificado,0,Março,3,2010
Homofobia,1496,Março,3,2010
Neo Nazismo,2629,Março,3,2010
Tráfico de Pessoas,24,Março,3,2010
Apologia e Incitação a crimes contra a Vida,6925,Março,3,2010
Intolerância Religiosa,2374,Março,3,2010
Maus Tratos Contra Animais,1579,Março,3,2010
Racismo,1628,Março,3,2010
Pornografia Infantil,14221,Março,3,2010
Violência ou Discriminação contra Mulheres,0,Março,3,2010
Xenofobia,1567,Março,3,2010
Não classificado,0,Abril,4,2010
Homofobia,2643,Abril,4,2010
Neo Nazismo,2437,Abril,4,2010
Tráfico de Pessoas,78,Abril,4,2010
Apologia e Incitação a crimes contra a Vida,4813,Abril,4,2010
Intolerância Religiosa,1944,Abril,4,2010
Maus Tratos Contra Animais,1124,Abril,4,2010
Racismo,1170,Abril,4,2010
Pornografia Infantil,18804,Abril,4,2010
Violência ou Discriminação contra Mulheres,0,Abril,4,2010
Xenofobia,1507,Abril,4,2010
Não classificado,0,Maio,5,2010
Homofobia,2091,Maio,5,2010
Neo Nazismo,2145,Maio,5,2010
Tráfico de Pessoas,73,Maio,5,2010
Apologia e Incitação a crimes contra a Vida,4445,Maio,5,2010
Intolerância Religiosa,1730,Maio,5,2010
Maus Tratos Contra Animais,1312,Maio,5,2010
Racismo,1143,Maio,5,2010
Pornografia Infantil,17723,Maio,5,2010
Violência ou Discriminação contra Mulheres,0,Maio,5,2010
Xenofobia,1224,Maio,5,2010
Não classificado,0,Junho,6,2010
Homofobia,1743,Junho,6,2010
Neo Nazismo,1427,Junho,6,2010
Tráfico de Pessoas,115,Junho,6,2010
Apologia e Incitação a crimes contra a Vida,4571,Junho,6,2010
Intolerância Religiosa,1572,Junho,6,2010
Maus Tratos Contra Animais,2371,Junho,6,2010
Racismo,1209,Junho,6,2010
Pornografia Infantil,10586,Junho,6,2010
Violência ou Discriminação contra Mulheres,0,Junho,6,2010
Xenofobia,1618,Junho,6,2010
Não classificado,0,Julho,7,2010
Homofobia,1766,Julho,7,2010
Neo Nazismo,1326,Julho,7,2010
Tráfico de Pessoas,75,Julho,7,2010
Apologia e Incitação a crimes contra a Vida,4034,Julho,7,2010
Intolerância Religiosa,1182,Julho,7,2010
Maus Tratos Contra Animais,1363,Julho,7,2010
Racismo,3147,Julho,7,2010
Pornografia Infantil,10916,Julho,7,2010
Violência ou Discriminação contra Mulheres,0,Julho,7,2010
Xenofobia,2186,Julho,7,2010
Não classificado,0,Agosto,8,2010
Homofobia,2324,Agosto,8,2010
Neo Nazismo,2053,Agosto,8,2010
Tráfico de Pessoas,330,Agosto,8,2010
Apologia e Incitação a crimes contra a Vida,5267,Agosto,8,2010
Intolerância Religiosa,1530,Agosto,8,2010
Maus Tratos Contra Animais,1145,Agosto,8,2010
Racismo,1642,Agosto,8,2010
Pornografia Infantil,39612,Agosto,8,2010
Violência ou Discriminação contra Mulheres,0,Agosto,8,2010
Xenofobia,2704,Agosto,8,2010
Não classificado,0,Setembro,9,2010
Homofobia,1289,Setembro,9,2010
Neo Nazismo,1335,Setembro,9,2010
Tráfico de Pessoas,372,Setembro,9,2010
Apologia e Incitação a crimes contra a Vida,3811,Setembro,9,2010
Intolerância Religiosa,1938,Setembro,9,2010
Maus Tratos Contra Animais,992,Setembro,9,2010
Racismo,1437,Setembro,9,2010
Pornografia Infantil,16685,Setembro,9,2010
Violência ou Discriminação contra Mulheres,0,Setembro,9,2010
Xenofobia,1552,Setembro,9,2010
Não classificado,0,Outubro,10,2010
Homofobia,1430,Outubro,10,2010
Neo Nazismo,854,Outubro,10,2010
Tráfico de Pessoas,246,Outubro,10,2010
Apologia e Incitação a crimes contra a Vida,4317,Outubro,10,2010
Intolerância Religiosa,1700,Outubro,10,2010
Maus Tratos Contra Animais,535,Outubro,10,2010
Racismo,1638,Outubro,10,2010
Pornografia Infantil,11288,Outubro,10,2010
Violência ou Discriminação contra Mulheres,0,Outubro,10,2010
Xenofobia,1611,Outubro,10,2010
Não classificado,0,Novembro,11,2010
Homofobia,5852,Novembro,11,2010
Neo Nazismo,1601,Novembro,11,2010
Tráfico de Pessoas,273,Novembro,11,2010
Apologia e Incitação a crimes contra a Vida,4613,Novembro,11,2010
Intolerância Religiosa,1804,Novembro,11,2010
Maus Tratos Contra Animais,1236,Novembro,11,2010
Racismo,9447,Novembro,11,2010
Pornografia Infantil,11253,Novembro,11,2010
Violência ou Discriminação contra Mulheres,0,Novembro,11,2010
Xenofobia,6707,Novembro,11,2010
Não classificado,0,Dezembro,12,2010
Homofobia,935,Dezembro,12,2010
Neo Nazismo,707,Dezembro,12,2010
Tráfico de Pessoas,225,Dezembro,12,2010
Apologia e Incitação a crimes contra a Vida,3095,Dezembro,12,2010
Intolerância Religiosa,1547,Dezembro,12,2010
Maus Tratos Contra Animais,621,Dezembro,12,2010
Racismo,7061,Dezembro,12,2010
Pornografia Infantil,7161,Dezembro,12,2010
Violência ou Discriminação contra Mulheres,0,Dezembro,12,2010
Xenofobia,894,Dezembro,12,2010
Não classificado,0,Janeiro,1,2011
Homofobia,950,Janeiro,1,2011
Neo Nazismo,720,Janeiro,1,2011
Tráfico de Pessoas,86,Janeiro,1,2011
Apologia e Incitação a crimes contra a Vida,1725,Janeiro,1,2011
Intolerância Religiosa,1035,Janeiro,1,2011
Maus Tratos Contra Animais,787,Janeiro,1,2011
Racismo,2629,Janeiro,1,2011
Pornografia Infantil,6713,Janeiro,1,2011
Violência ou Discriminação contra Mulheres,1,Janeiro,1,2011
Xenofobia,910,Janeiro,1,2011
Não classificado,0,Fevereiro,2,2011
Homofobia,1798,Fevereiro,2,2011
Neo Nazismo,989,Fevereiro,2,2011
Tráfico de Pessoas,134,Fevereiro,2,2011
Apologia e Incitação a crimes contra a Vida,2187,Fevereiro,2,2011
Intolerância Religiosa,1387,Fevereiro,2,2011
Maus Tratos Contra Animais,1081,Fevereiro,2,2011
Racismo,1471,Fevereiro,2,2011
Pornografia Infantil,8357,Fevereiro,2,2011
Violência ou Discriminação contra Mulheres,0,Fevereiro,2,2011
Xenofobia,1231,Fevereiro,2,2011
Não classificado,0,Março,3,2011
Homofobia,875,Março,3,2011
Neo Nazismo,616,Março,3,2011
Tráfico de Pessoas,81,Março,3,2011
Apologia e Incitação a crimes contra a Vida,1374,Março,3,2011
Intolerância Religiosa,848,Março,3,2011
Maus Tratos Contra Animais,595,Março,3,2011
Racismo,1662,Março,3,2011
Pornografia Infantil,5697,Março,3,2011
Violência ou Discriminação contra Mulheres,0,Março,3,2011
Xenofobia,657,Março,3,2011
Não classificado,0,Abril,4,2011
Homofobia,980,Abril,4,2011
Neo Nazismo,840,Abril,4,2011
Tráfico de Pessoas,115,Abril,4,2011
Apologia e Incitação a crimes contra a Vida,2977,Abril,4,2011
Intolerância Religiosa,758,Abril,4,2011
Maus Tratos Contra Animais,525,Abril,4,2011
Racismo,1379,Abril,4,2011
Pornografia Infantil,7888,Abril,4,2011
Violência ou Discriminação contra Mulheres,0,Abril,4,2011
Xenofobia,868,Abril,4,2011
Não classificado,0,Maio,5,2011
Homofobia,1064,Maio,5,2011
Neo Nazismo,759,Maio,5,2011
Tráfico de Pessoas,113,Maio,5,2011
Apologia e Incitação a crimes contra a Vida,3080,Maio,5,2011
Intolerância Religiosa,1136,Maio,5,2011
Maus Tratos Contra Animais,1055,Maio,5,2011
Racismo,8551,Maio,5,2011
Pornografia Infantil,7969,Maio,5,2011
Violência ou Discriminação contra Mulheres,0,Maio,5,2011
Xenofobia,1827,Maio,5,2011
Não classificado,0,Junho,6,2011
Homofobia,1212,Junho,6,2011
Neo Nazismo,729,Junho,6,2011
Tráfico de Pessoas,111,Junho,6,2011
Apologia e Incitação a crimes contra a Vida,2367,Junho,6,2011
Intolerância Religiosa,1016,Junho,6,2011
Maus Tratos Contra Animais,1784,Junho,6,2011
Racismo,2438,Junho,6,2011
Pornografia Infantil,12996,Junho,6,2011
Violência ou Discriminação contra Mulheres,0,Junho,6,2011
Xenofobia,650,Junho,6,2011
Não classificado,0,Julho,7,2011
Homofobia,700,Julho,7,2011
Neo Nazismo,1544,Julho,7,2011
Tráfico de Pessoas,106,Julho,7,2011
Apologia e Incitação a crimes contra a Vida,2791,Julho,7,2011
Intolerância Religiosa,1077,Julho,7,2011
Maus Tratos Contra Animais,2591,Julho,7,2011
Racismo,1974,Julho,7,2011
Pornografia Infantil,7602,Julho,7,2011
Violência ou Discriminação contra Mulheres,0,Julho,7,2011
Xenofobia,756,Julho,7,2011
Não classificado,0,Agosto,8,2011
Homofobia,1250,Agosto,8,2011
Neo Nazismo,1409,Agosto,8,2011
Tráfico de Pessoas,213,Agosto,8,2011
Apologia e Incitação a crimes contra a Vida,3179,Agosto,8,2011
Intolerância Religiosa,1183,Agosto,8,2011
Maus Tratos Contra Animais,1172,Agosto,8,2011
Racismo,1774,Agosto,8,2011
Pornografia Infantil,7730,Agosto,8,2011
Violência ou Discriminação contra Mulheres,0,Agosto,8,2011
Xenofobia,1235,Agosto,8,2011
Não classificado,0,Setembro,9,2011
Homofobia,1782,Setembro,9,2011
Neo Nazismo,1275,Setembro,9,2011
Tráfico de Pessoas,214,Setembro,9,2011
Apologia e Incitação a crimes contra a Vida,3712,Setembro,9,2011
Intolerância Religiosa,1085,Setembro,9,2011
Maus Tratos Contra Animais,898,Setembro,9,2011
Racismo,3555,Setembro,9,2011
Pornografia Infantil,12202,Setembro,9,2011
Violência ou Discriminação contra Mulheres,0,Setembro,9,2011
Xenofobia,1477,Setembro,9,2011
Não classificado,0,Outubro,10,2011
Homofobia,1365,Outubro,10,2011
Neo Nazismo,852,Outubro,10,2011
Tráfico de Pessoas,141,Outubro,10,2011
Apologia e Incitação a crimes contra a Vida,3263,Outubro,10,2011
Intolerância Religiosa,854,Outubro,10,2011
Maus Tratos Contra Animais,1427,Outubro,10,2011
Racismo,4370,Outubro,10,2011
Pornografia Infantil,37719,Outubro,10,2011
Violência ou Discriminação contra Mulheres,1,Outubro,10,2011
Xenofobia,2074,Outubro,10,2011
Não classificado,0,Novembro,11,2011
Homofobia,1057,Novembro,11,2011
Neo Nazismo,841,Novembro,11,2011
Tráfico de Pessoas,110,Novembro,11,2011
Apologia e Incitação a crimes contra a Vida,3624,Novembro,11,2011
Intolerância Religiosa,753,Novembro,11,2011
Maus Tratos Contra Animais,5107,Novembro,11,2011
Racismo,11274,Novembro,11,2011
Pornografia Infantil,13157,Novembro,11,2011
Violência ou Discriminação contra Mulheres,0,Novembro,11,2011
Xenofobia,943,Novembro,11,2011
Não classificado,0,Dezembro,12,2011
Homofobia,1733,Dezembro,12,2011
Neo Nazismo,1293,Dezembro,12,2011
Tráfico de Pessoas,225,Dezembro,12,2011
Apologia e Incitação a crimes contra a Vida,8616,Dezembro,12,2011
Intolerância Religiosa,488,Dezembro,12,2011
Maus Tratos Contra Animais,1971,Dezembro,12,2011
Racismo,72189,Dezembro,12,2011
Pornografia Infantil,9400,Dezembro,12,2011
Violência ou Discriminação contra Mulheres,0,Dezembro,12,2011
Xenofobia,5658,Dezembro,12,2011
Não classificado,0,Janeiro,1,2012
Homofobia,634,Janeiro,1,2012
Neo Nazismo,531,Janeiro,1,2012
Tráfico de Pessoas,75,Janeiro,1,2012
Apologia e Incitação a crimes contra a Vida,1475,Janeiro,1,2012
Intolerância Religiosa,241,Janeiro,1,2012
Maus Tratos Contra Animais,301,Janeiro,1,2012
Racismo,2862,Janeiro,1,2012
Pornografia Infantil,6789,Janeiro,1,2012
Violência ou Discriminação contra Mulheres,0,Janeiro,1,2012
Xenofobia,474,Janeiro,1,2012
Não classificado,0,Fevereiro,2,2012
Homofobia,1133,Fevereiro,2,2012
Neo Nazismo,463,Fevereiro,2,2012
Tráfico de Pessoas,125,Fevereiro,2,2012
Apologia e Incitação a crimes contra a Vida,1874,Fevereiro,2,2012
Intolerância Religiosa,300,Fevereiro,2,2012
Maus Tratos Contra Animais,392,Fevereiro,2,2012
Racismo,10079,Fevereiro,2,2012
Pornografia Infantil,5438,Fevereiro,2,2012
Violência ou Discriminação contra Mulheres,0,Fevereiro,2,2012
Xenofobia,423,Fevereiro,2,2012
Não classificado,0,Março,3,2012
Homofobia,1470,Março,3,2012
Neo Nazismo,486,Março,3,2012
Tráfico de Pessoas,80,Março,3,2012
Apologia e Incitação a crimes contra a Vida,1672,Março,3,2012
Intolerância Religiosa,412,Março,3,2012
Maus Tratos Contra Animais,499,Março,3,2012
Racismo,3644,Março,3,2012
Pornografia Infantil,6504,Março,3,2012
Violência ou Discriminação contra Mulheres,0,Março,3,2012
Xenofobia,356,Março,3,2012
Não classificado,0,Abril,4,2012
Homofobia,1160,Abril,4,2012
Neo Nazismo,534,Abril,4,2012
Tráfico de Pessoas,87,Abril,4,2012
Apologia e Incitação a crimes contra a Vida,1758,Abril,4,2012
Intolerância Religiosa,453,Abril,4,2012
Maus Tratos Contra Animais,313,Abril,4,2012
Racismo,3364,Abril,4,2012
Pornografia Infantil,4848,Abril,4,2012
Violência ou Discriminação contra Mulheres,0,Abril,4,2012
Xenofobia,353,Abril,4,2012
Não classificado,0,Maio,5,2012
Homofobia,721,Maio,5,2012
Neo Nazismo,411,Maio,5,2012
Tráfico de Pessoas,78,Maio,5,2012
Apologia e Incitação a crimes contra a Vida,1446,Maio,5,2012
Intolerância Religiosa,397,Maio,5,2012
Maus Tratos Contra Animais,279,Maio,5,2012
Racismo,2904,Maio,5,2012
Pornografia Infantil,6152,Maio,5,2012
Violência ou Discriminação contra Mulheres,0,Maio,5,2012
Xenofobia,508,Maio,5,2012
Não classificado,0,Junho,6,2012
Homofobia,536,Junho,6,2012
Neo Nazismo,323,Junho,6,2012
Tráfico de Pessoas,68,Junho,6,2012
Apologia e Incitação a crimes contra a Vida,1197,Junho,6,2012
Intolerância Religiosa,436,Junho,6,2012
Maus Tratos Contra Animais,657,Junho,6,2012
Racismo,1504,Junho,6,2012
Pornografia Infantil,4677,Junho,6,2012
Violência ou Discriminação contra Mulheres,0,Junho,6,2012
Xenofobia,429,Junho,6,2012
Não classificado,0,Julho,7,2012
Homofobia,515,Julho,7,2012
Neo Nazismo,291,Julho,7,2012
Tráfico de Pessoas,181,Julho,7,2012
Apologia e Incitação a crimes contra a Vida,3287,Julho,7,2012
Intolerância Religiosa,452,Julho,7,2012
Maus Tratos Contra Animais,2427,Julho,7,2012
Racismo,4999,Julho,7,2012
Pornografia Infantil,6211,Julho,7,2012
Violência ou Discriminação contra Mulheres,0,Julho,7,2012
Xenofobia,548,Julho,7,2012
Não classificado,0,Agosto,8,2012
Homofobia,813,Agosto,8,2012
Neo Nazismo,412,Agosto,8,2012
Tráfico de Pessoas,165,Agosto,8,2012
Apologia e Incitação a crimes contra a Vida,3433,Agosto,8,2012
Intolerância Religiosa,751,Agosto,8,2012
Maus Tratos Contra Animais,485,Agosto,8,2012
Racismo,5127,Agosto,8,2012
Pornografia Infantil,7522,Agosto,8,2012
Violência ou Discriminação contra Mulheres,0,Agosto,8,2012
Xenofobia,577,Agosto,8,2012
Não classificado,0,Setembro,9,2012
Homofobia,661,Setembro,9,2012
Neo Nazismo,263,Setembro,9,2012
Tráfico de Pessoas,62,Setembro,9,2012
Apologia e Incitação a crimes contra a Vida,1580,Setembro,9,2012
Intolerância Religiosa,501,Setembro,9,2012
Maus Tratos Contra Animais,202,Setembro,9,2012
Racismo,2577,Setembro,9,2012
Pornografia Infantil,5848,Setembro,9,2012
Violência ou Discriminação contra Mulheres,0,Setembro,9,2012
Xenofobia,503,Setembro,9,2012
Não classificado,0,Outubro,10,2012
Homofobia,889,Outubro,10,2012
Neo Nazismo,868,Outubro,10,2012
Tráfico de Pessoas,134,Outubro,10,2012
Apologia e Incitação a crimes contra a Vida,1864,Outubro,10,2012
Intolerância Religiosa,736,Outubro,10,2012
Maus Tratos Contra Animais,461,Outubro,10,2012
Racismo,5619,Outubro,10,2012
Pornografia Infantil,7254,Outubro,10,2012
Violência ou Discriminação contra Mulheres,0,Outubro,10,2012
Xenofobia,1464,Outubro,10,2012
Não classificado,0,Novembro,11,2012
Homofobia,619,Novembro,11,2012
Neo Nazismo,228,Novembro,11,2012
Tráfico de Pessoas,121,Novembro,11,2012
Apologia e Incitação a crimes contra a Vida,1529,Novembro,11,2012
Intolerância Religiosa,243,Novembro,11,2012
Maus Tratos Contra Animais,299,Novembro,11,2012
Racismo,6479,Novembro,11,2012
Pornografia Infantil,9656,Novembro,11,2012
Violência ou Discriminação contra Mulheres,0,Novembro,11,2012
Xenofobia,611,Novembro,11,2012
Não classificado,0,Dezembro,12,2012
Homofobia,388,Dezembro,12,2012
Neo Nazismo,224,Dezembro,12,2012
Tráfico de Pessoas,67,Dezembro,12,2012
Apologia e Incitação a crimes contra a Vida,1734,Dezembro,12,2012
Intolerância Religiosa,298,Dezembro,12,2012
Maus Tratos Contra Animais,728,Dezembro,12,2012
Racismo,2806,Dezembro,12,2012
Pornografia Infantil,5366,Dezembro,12,2012
Violência ou Discriminação contra Mulheres,0,Dezembro,12,2012
Xenofobia,348,Dezembro,12,2012
Não classificado,0,Janeiro,1,2013
Homofobia,747,Janeiro,1,2013
Neo Nazismo,448,Janeiro,1,2013
Tráfico de Pessoas,81,Janeiro,1,2013
Apologia e Incitação a crimes contra a Vida,5271,Janeiro,1,2013
Intolerância Religiosa,720,Janeiro,1,2013
Maus Tratos Contra Animais,435,Janeiro,1,2013
Racismo,8894,Janeiro,1,2013
Pornografia Infantil,8187,Janeiro,1,2013
Violência ou Discriminação contra Mulheres,0,Janeiro,1,2013
Xenofobia,698,Janeiro,1,2013
Não classificado,0,Fevereiro,2,2013
Homofobia,1215,Fevereiro,2,2013
Neo Nazismo,491,Fevereiro,2,2013
Tráfico de Pessoas,255,Fevereiro,2,2013
Apologia e Incitação a crimes contra a Vida,1585,Fevereiro,2,2013
Intolerância Religiosa,602,Fevereiro,2,2013
Maus Tratos Contra Animais,375,Fevereiro,2,2013
Racismo,3874,Fevereiro,2,2013
Pornografia Infantil,5914,Fevereiro,2,2013
Violência ou Discriminação contra Mulheres,0,Fevereiro,2,2013
Xenofobia,666,Fevereiro,2,2013
Não classificado,0,Março,3,2013
Homofobia,1234,Março,3,2013
Neo Nazismo,647,Março,3,2013
Tráfico de Pessoas,494,Março,3,2013
Apologia e Incitação a crimes contra a Vida,2348,Março,3,2013
Intolerância Religiosa,1164,Março,3,2013
Maus Tratos Contra Animais,2607,Março,3,2013
Racismo,6535,Março,3,2013
Pornografia Infantil,10260,Março,3,2013
Violência ou Discriminação contra Mulheres,0,Março,3,2013
Xenofobia,1384,Março,3,2013
Não classificado,0,Abril,4,2013
Homofobia,1802,Abril,4,2013
Neo Nazismo,925,Abril,4,2013
Tráfico de Pessoas,267,Abril,4,2013
Apologia e Incitação a crimes contra a Vida,2634,Abril,4,2013
Intolerância Religiosa,772,Abril,4,2013
Maus Tratos Contra Animais,842,Abril,4,2013
Racismo,5064,Abril,4,2013
Pornografia Infantil,11134,Abril,4,2013
Violência ou Discriminação contra Mulheres,0,Abril,4,2013
Xenofobia,694,Abril,4,2013
Não classificado,0,Maio,5,2013
Homofobia,812,Maio,5,2013
Neo Nazismo,835,Maio,5,2013
Tráfico de Pessoas,156,Maio,5,2013
Apologia e Incitação a crimes contra a Vida,2764,Maio,5,2013
Intolerância Religiosa,1333,Maio,5,2013
Maus Tratos Contra Animais,611,Maio,5,2013
Racismo,3150,Maio,5,2013
Pornografia Infantil,8091,Maio,5,2013
Violência ou Discriminação contra Mulheres,0,Maio,5,2013
Xenofobia,882,Maio,5,2013
Não classificado,0,Junho,6,2013
Homofobia,1242,Junho,6,2013
Neo Nazismo,514,Junho,6,2013
Tráfico de Pessoas,236,Junho,6,2013
Apologia e Incitação a crimes contra a Vida,2385,Junho,6,2013
Intolerância Religiosa,1539,Junho,6,2013
Maus Tratos Contra Animais,798,Junho,6,2013
Racismo,5233,Junho,6,2013
Pornografia Infantil,7455,Junho,6,2013
Violência ou Discriminação contra Mulheres,0,Junho,6,2013
Xenofobia,1518,Junho,6,2013
Não classificado,0,Julho,7,2013
Homofobia,706,Julho,7,2013
Neo Nazismo,619,Julho,7,2013
Tráfico de Pessoas,359,Julho,7,2013
Apologia e Incitação a crimes contra a Vida,1378,Julho,7,2013
Intolerância Religiosa,1247,Julho,7,2013
Maus Tratos Contra Animais,1826,Julho,7,2013
Racismo,2090,Julho,7,2013
Pornografia Infantil,8417,Julho,7,2013
Violência ou Discriminação contra Mulheres,2,Julho,7,2013
Xenofobia,599,Julho,7,2013
Não classificado,0,Agosto,8,2013
Homofobia,335,Agosto,8,2013
Neo Nazismo,290,Agosto,8,2013
Tráfico de Pessoas,159,Agosto,8,2013
Apologia e Incitação a crimes contra a Vida,1060,Agosto,8,2013
Intolerância Religiosa,338,Agosto,8,2013
Maus Tratos Contra Animais,1659,Agosto,8,2013
Racismo,2492,Agosto,8,2013
Pornografia Infantil,4801,Agosto,8,2013
Violência ou Discriminação contra Mulheres,1,Agosto,8,2013
Xenofobia,296,Agosto,8,2013
Não classificado,0,Setembro,9,2013
Homofobia,2533,Setembro,9,2013
Neo Nazismo,457,Setembro,9,2013
Tráfico de Pessoas,164,Setembro,9,2013
Apologia e Incitação a crimes contra a Vida,2515,Setembro,9,2013
Intolerância Religiosa,469,Setembro,9,2013
Maus Tratos Contra Animais,780,Setembro,9,2013
Racismo,5868,Setembro,9,2013
Pornografia Infantil,4414,Setembro,9,2013
Violência ou Discriminação contra Mulheres,1,Setembro,9,2013
Xenofobia,497,Setembro,9,2013
Não classificado,0,Outubro,10,2013
Homofobia,2826,Outubro,10,2013
Neo Nazismo,399,Outubro,10,2013
Tráfico de Pessoas,98,Outubro,10,2013
Apologia e Incitação a crimes contra a Vida,5862,Outubro,10,2013
Intolerância Religiosa,357,Outubro,10,2013
Maus Tratos Contra Animais,829,Outubro,10,2013
Racismo,17310,Outubro,10,2013
Pornografia Infantil,4442,Outubro,10,2013
Violência ou Discriminação contra Mulheres,0,Outubro,10,2013
Xenofobia,543,Outubro,10,2013
Não classificado,0,Novembro,11,2013
Homofobia,1319,Novembro,11,2013
Neo Nazismo,340,Novembro,11,2013
Tráfico de Pessoas,284,Novembro,11,2013
Apologia e Incitação a crimes contra a Vida,2821,Novembro,11,2013
Intolerância Religiosa,337,Novembro,11,2013
Maus Tratos Contra Animais,569,Novembro,11,2013
Racismo,7907,Novembro,11,2013
Pornografia Infantil,5238,Novembro,11,2013
Violência ou Discriminação contra Mulheres,0,Novembro,11,2013
Xenofobia,248,Novembro,11,2013
Não classificado,0,Dezembro,12,2013
Homofobia,348,Dezembro,12,2013
Neo Nazismo,189,Dezembro,12,2013
Tráfico de Pessoas,196,Dezembro,12,2013
Apologia e Incitação a crimes contra a Vida,1159,Dezembro,12,2013
Intolerância Religiosa,1013,Dezembro,12,2013
Maus Tratos Contra Animais,283,Dezembro,12,2013
Racismo,10780,Dezembro,12,2013
Pornografia Infantil,3757,Dezembro,12,2013
Violência ou Discriminação contra Mulheres,1,Dezembro,12,2013
Xenofobia,258,Dezembro,12,2013
Não classificado,0,Janeiro,1,2014
Homofobia,1420,Janeiro,1,2014
Neo Nazismo,386,Janeiro,1,2014
Tráfico de Pessoas,328,Janeiro,1,2014
Apologia e Incitação a crimes contra a Vida,3510,Janeiro,1,2014
Intolerância Religiosa,496,Janeiro,1,2014
Maus Tratos Contra Animais,638,Janeiro,1,2014
Racismo,19979,Janeiro,1,2014
Pornografia Infantil,4308,Janeiro,1,2014
Violência ou Discriminação contra Mulheres,1,Janeiro,1,2014
Xenofobia,339,Janeiro,1,2014
Não classificado,0,Fevereiro,2,2014
Homofobia,766,Fevereiro,2,2014
Neo Nazismo,1413,Fevereiro,2,2014
Tráfico de Pessoas,103,Fevereiro,2,2014
Apologia e Incitação a crimes contra a Vida,8856,Fevereiro,2,2014
Intolerância Religiosa,466,Fevereiro,2,2014
Maus Tratos Contra Animais,545,Fevereiro,2,2014
Racismo,36474,Fevereiro,2,2014
Pornografia Infantil,4667,Fevereiro,2,2014
Violência ou Discriminação contra Mulheres,0,Fevereiro,2,2014
Xenofobia,520,Fevereiro,2,2014
Não classificado,0,Março,3,2014
Homofobia,375,Março,3,2014
Neo Nazismo,247,Março,3,2014
Tráfico de Pessoas,215,Março,3,2014
Apologia e Incitação a crimes contra a Vida,2135,Março,3,2014
Intolerância Religiosa,610,Março,3,2014
Maus Tratos Contra Animais,404,Março,3,2014
Racismo,5796,Março,3,2014
Pornografia Infantil,7214,Março,3,2014
Violência ou Discriminação contra Mulheres,0,Março,3,2014
Xenofobia,258,Março,3,2014
Não classificado,0,Abril,4,2014
Homofobia,266,Abril,4,2014
Neo Nazismo,160,Abril,4,2014
Tráfico de Pessoas,140,Abril,4,2014
Apologia e Incitação a crimes contra a Vida,1691,Abril,4,2014
Intolerância Religiosa,252,Abril,4,2014
Maus Tratos Contra Animais,1135,Abril,4,2014
Racismo,3143,Abril,4,2014
Pornografia Infantil,5847,Abril,4,2014
Violência ou Discriminação contra Mulheres,4,Abril,4,2014
Xenofobia,217,Abril,4,2014
Não classificado,0,Maio,5,2014
Homofobia,191,Maio,5,2014
Neo Nazismo,131,Maio,5,2014
Tráfico de Pessoas,178,Maio,5,2014
Apologia e Incitação a crimes contra a Vida,1386,Maio,5,2014
Intolerância Religiosa,438,Maio,5,2014
Maus Tratos Contra Animais,295,Maio,5,2014
Racismo,1662,Maio,5,2014
Pornografia Infantil,5168,Maio,5,2014
Violência ou Discriminação contra Mulheres,3,Maio,5,2014
Xenofobia,128,Maio,5,2014
Não classificado,0,Junho,6,2014
Homofobia,312,Junho,6,2014
Neo Nazismo,109,Junho,6,2014
Tráfico de Pessoas,349,Junho,6,2014
Apologia e Incitação a crimes contra a Vida,1963,Junho,6,2014
Intolerância Religiosa,273,Junho,6,2014
Maus Tratos Contra Animais,465,Junho,6,2014
Racismo,2780,Junho,6,2014
Pornografia Infantil,9285,Junho,6,2014
Violência ou Discriminação contra Mulheres,6,Junho,6,2014
Xenofobia,192,Junho,6,2014
Não classificado,0,Julho,7,2014
Homofobia,187,Julho,7,2014
Neo Nazismo,124,Julho,7,2014
Tráfico de Pessoas,676,Julho,7,2014
Apologia e Incitação a crimes contra a Vida,796,Julho,7,2014
Intolerância Religiosa,174,Julho,7,2014
Maus Tratos Contra Animais,170,Julho,7,2014
Racismo,1425,Julho,7,2014
Pornografia Infantil,3448,Julho,7,2014
Violência ou Discriminação contra Mulheres,22,Julho,7,2014
Xenofobia,209,Julho,7,2014
Não classificado,0,Agosto,8,2014
Homofobia,103,Agosto,8,2014
Neo Nazismo,77,Agosto,8,2014
Tráfico de Pessoas,371,Agosto,8,2014
Apologia e Incitação a crimes contra a Vida,798,Agosto,8,2014
Intolerância Religiosa,242,Agosto,8,2014
Maus Tratos Contra Animais,412,Agosto,8,2014
Racismo,1471,Agosto,8,2014
Pornografia Infantil,2800,Agosto,8,2014
Violência ou Discriminação contra Mulheres,11,Agosto,8,2014
Xenofobia,201,Agosto,8,2014
Não classificado,0,Setembro,9,2014
Homofobia,260,Setembro,9,2014
Neo Nazismo,73,Setembro,9,2014
Tráfico de Pessoas,449,Setembro,9,2014
Apologia e Incitação a crimes contra a Vida,896,Setembro,9,2014
Intolerância Religiosa,95,Setembro,9,2014
Maus Tratos Contra Animais,498,Setembro,9,2014
Racismo,5910,Setembro,9,2014
Pornografia Infantil,2498,Setembro,9,2014
Violência ou Discriminação contra Mulheres,20,Setembro,9,2014
Xenofobia,108,Setembro,9,2014
Não classificado,0,Outubro,10,2014
Homofobia,281,Outubro,10,2014
Neo Nazismo,177,Outubro,10,2014
Tráfico de Pessoas,96,Outubro,10,2014
Apologia e Incitação a crimes contra a Vida,1710,Outubro,10,2014
Intolerância Religiosa,211,Outubro,10,2014
Maus Tratos Contra Animais,95,Outubro,10,2014
Racismo,12691,Outubro,10,2014
Pornografia Infantil,3152,Outubro,10,2014
Violência ou Discriminação contra Mulheres,39,Outubro,10,2014
Xenofobia,6921,Outubro,10,2014
Não classificado,0,Novembro,11,2014
Homofobia,367,Novembro,11,2014
Neo Nazismo,86,Novembro,11,2014
Tráfico de Pessoas,111,Novembro,11,2014
Apologia e Incitação a crimes contra a Vida,1517,Novembro,11,2014
Intolerância Religiosa,80,Novembro,11,2014
Maus Tratos Contra Animais,990,Novembro,11,2014
Racismo,3909,Novembro,11,2014
Pornografia Infantil,3242,Novembro,11,2014
Violência ou Discriminação contra Mulheres,6,Novembro,11,2014
Xenofobia,330,Novembro,11,2014
Não classificado,0,Dezembro,12,2014
Homofobia,237,Dezembro,12,2014
Neo Nazismo,110,Dezembro,12,2014
Tráfico de Pessoas,110,Dezembro,12,2014
Apologia e Incitação a crimes contra a Vida,1827,Dezembro,12,2014
Intolerância Religiosa,145,Dezembro,12,2014
Maus Tratos Contra Animais,116,Dezembro,12,2014
Racismo,4386,Dezembro,12,2014
Pornografia Infantil,3328,Dezembro,12,2014
Violência ou Discriminação contra Mulheres,18,Dezembro,12,2014
Xenofobia,148,Dezembro,12,2014
Não classificado,0,Janeiro,1,2015
Homofobia,240,Janeiro,1,2015
Neo Nazismo,73,Janeiro,1,2015
Tráfico de Pessoas,113,Janeiro,1,2015
Apologia e Incitação a crimes contra a Vida,1051,Janeiro,1,2015
Intolerância Religiosa,310,Janeiro,1,2015
Maus Tratos Contra Animais,684,Janeiro,1,2015
Racismo,4835,Janeiro,1,2015
Pornografia Infantil,3163,Janeiro,1,2015
Violência ou Discriminação contra Mulheres,6,Janeiro,1,2015
Xenofobia,174,Janeiro,1,2015
Não classificado,0,Fevereiro,2,2015
Homofobia,274,Fevereiro,2,2015
Neo Nazismo,123,Fevereiro,2,2015
Tráfico de Pessoas,129,Fevereiro,2,2015
Apologia e Incitação a crimes contra a Vida,883,Fevereiro,2,2015
Intolerância Religiosa,87,Fevereiro,2,2015
Maus Tratos Contra Animais,157,Fevereiro,2,2015
Racismo,12995,Fevereiro,2,2015
Pornografia Infantil,5117,Fevereiro,2,2015
Violência ou Discriminação contra Mulheres,12,Fevereiro,2,2015
Xenofobia,132,Fevereiro,2,2015
Não classificado,0,Março,3,2015
Homofobia,397,Março,3,2015
Neo Nazismo,77,Março,3,2015
Tráfico de Pessoas,129,Março,3,2015
Apologia e Incitação a crimes contra a Vida,1319,Março,3,2015
Intolerância Religiosa,400,Março,3,2015
Maus Tratos Contra Animais,90,Março,3,2015
Racismo,4908,Março,3,2015
Pornografia Infantil,2936,Março,3,2015
Violência ou Discriminação contra Mulheres,27,Março,3,2015
Xenofobia,340,Março,3,2015
Não classificado,0,Abril,4,2015
Homofobia,4192,Abril,4,2015
Neo Nazismo,390,Abril,4,2015
Tráfico de Pessoas,143,Abril,4,2015
Apologia e Incitação a crimes contra a Vida,4573,Abril,4,2015
Intolerância Religiosa,486,Abril,4,2015
Maus Tratos Contra Animais,71,Abril,4,2015
Racismo,5884,Abril,4,2015
Pornografia Infantil,3821,Abril,4,2015
Violência ou Discriminação contra Mulheres,5581,Abril,4,2015
Xenofobia,439,Abril,4,2015
Não classificado,0,Maio,5,2015
Homofobia,458,Maio,5,2015
Neo Nazismo,155,Maio,5,2015
Tráfico de Pessoas,156,Maio,5,2015
Apologia e Incitação a crimes contra a Vida,1899,Maio,5,2015
Intolerância Religiosa,161,Maio,5,2015
Maus Tratos Contra Animais,88,Maio,5,2015
Racismo,3112,Maio,5,2015
Pornografia Infantil,2994,Maio,5,2015
Violência ou Discriminação contra Mulheres,566,Maio,5,2015
Xenofobia,408,Maio,5,2015
Não classificado,0,Junho,6,2015
Homofobia,738,Junho,6,2015
Neo Nazismo,125,Junho,6,2015
Tráfico de Pessoas,91,Junho,6,2015
Apologia e Incitação a crimes contra a Vida,1888,Junho,6,2015
Intolerância Religiosa,830,Junho,6,2015
Maus Tratos Contra Animais,216,Junho,6,2015
Racismo,1848,Junho,6,2015
Pornografia Infantil,2963,Junho,6,2015
Violência ou Discriminação contra Mulheres,178,Junho,6,2015
Xenofobia,2721,Junho,6,2015
Não classificado,0,Julho,7,2015
Homofobia,712,Julho,7,2015
Neo Nazismo,263,Julho,7,2015
Tráfico de Pessoas,203,Julho,7,2015
Apologia e Incitação a crimes contra a Vida,6922,Julho,7,2015
Intolerância Religiosa,203,Julho,7,2015
Maus Tratos Contra Animais,93,Julho,7,2015
Racismo,10440,Julho,7,2015
Pornografia Infantil,5279,Julho,7,2015
Violência ou Discriminação contra Mulheres,2799,Julho,7,2015
Xenofobia,679,Julho,7,2015
Não classificado,0,Agosto,8,2015
Homofobia,368,Agosto,8,2015
Neo Nazismo,100,Agosto,8,2015
Tráfico de Pessoas,85,Agosto,8,2015
Apologia e Incitação a crimes contra a Vida,5465,Agosto,8,2015
Intolerância Religiosa,181,Agosto,8,2015
Maus Tratos Contra Animais,3549,Agosto,8,2015
Racismo,6523,Agosto,8,2015
Pornografia Infantil,3111,Agosto,8,2015
Violência ou Discriminação contra Mulheres,624,Agosto,8,2015
Xenofobia,166,Agosto,8,2015
Não classificado,0,Setembro,9,2015
Homofobia,202,Setembro,9,2015
Neo Nazismo,50,Setembro,9,2015
Tráfico de Pessoas,70,Setembro,9,2015
Apologia e Incitação a crimes contra a Vida,996,Setembro,9,2015
Intolerância Religiosa,206,Setembro,9,2015
Maus Tratos Contra Animais,57,Setembro,9,2015
Racismo,1646,Setembro,9,2015
Pornografia Infantil,2910,Setembro,9,2015
Violência ou Discriminação contra Mulheres,178,Setembro,9,2015
Xenofobia,160,Setembro,9,2015
Não classificado,0,Outubro,10,2015
Homofobia,313,Outubro,10,2015
Neo Nazismo,70,Outubro,10,2015
Tráfico de Pessoas,98,Outubro,10,2015
Apologia e Incitação a crimes contra a Vida,1654,Outubro,10,2015
Intolerância Religiosa,542,Outubro,10,2015
Maus Tratos Contra Animais,68,Outubro,10,2015
Racismo,3165,Outubro,10,2015
Pornografia Infantil,6791,Outubro,10,2015
Violência ou Discriminação contra Mulheres,578,Outubro,10,2015
Xenofobia,155,Outubro,10,2015
Não classificado,0,Novembro,11,2015
Homofobia,345,Novembro,11,2015
Neo Nazismo,117,Novembro,11,2015
Tráfico de Pessoas,165,Novembro,11,2015
Apologia e Incitação a crimes contra a Vida,1908,Novembro,11,2015
Intolerância Religiosa,265,Novembro,11,2015
Maus Tratos Contra Animais,115,Novembro,11,2015
Racismo,6565,Novembro,11,2015
Pornografia Infantil,3427,Novembro,11,2015
Violência ou Discriminação contra Mulheres,235,Novembro,11,2015
Xenofobia,138,Novembro,11,2015
Não classificado,0,Dezembro,12,2015
Homofobia,218,Dezembro,12,2015
Neo Nazismo,53,Dezembro,12,2015
Tráfico de Pessoas,94,Dezembro,12,2015
Apologia e Incitação a crimes contra a Vida,858,Dezembro,12,2015
Intolerância Religiosa,99,Dezembro,12,2015
Maus Tratos Contra Animais,160,Dezembro,12,2015
Racismo,2026,Dezembro,12,2015
Pornografia Infantil,10818,Dezembro,12,2015
Violência ou Discriminação contra Mulheres,234,Dezembro,12,2015
Xenofobia,148,Dezembro,12,2015
Não classificado,0,Janeiro,1,2016
Homofobia,225,Janeiro,1,2016
Neo Nazismo,69,Janeiro,1,2016
Tráfico de Pessoas,211,Janeiro,1,2016
Apologia e Incitação a crimes contra a Vida,4382,Janeiro,1,2016
Intolerância Religiosa,113,Janeiro,1,2016
Maus Tratos Contra Animais,77,Janeiro,1,2016
Racismo,12805,Janeiro,1,2016
Pornografia Infantil,8757,Janeiro,1,2016
Violência ou Discriminação contra Mulheres,1175,Janeiro,1,2016
Xenofobia,151,Janeiro,1,2016
Não classificado,0,Fevereiro,2,2016
Homofobia,521,Fevereiro,2,2016
Neo Nazismo,85,Fevereiro,2,2016
Tráfico de Pessoas,158,Fevereiro,2,2016
Apologia e Incitação a crimes contra a Vida,1815,Fevereiro,2,2016
Intolerância Religiosa,105,Fevereiro,2,2016
Maus Tratos Contra Animais,1615,Fevereiro,2,2016
Racismo,6563,Fevereiro,2,2016
Pornografia Infantil,7347,Fevereiro,2,2016
Violência ou Discriminação contra Mulheres,215,Fevereiro,2,2016
Xenofobia,105,Fevereiro,2,2016
Não classificado,0,Março,3,2016
Homofobia,178,Março,3,2016
Neo Nazismo,61,Março,3,2016
Tráfico de Pessoas,123,Março,3,2016
Apologia e Incitação a crimes contra a Vida,1119,Março,3,2016
Intolerância Religiosa,139,Março,3,2016
Maus Tratos Contra Animais,72,Março,3,2016
Racismo,2510,Março,3,2016
Pornografia Infantil,3056,Março,3,2016
Violência ou Discriminação contra Mulheres,137,Março,3,2016
Xenofobia,105,Março,3,2016
Não classificado,0,Abril,4,2016
Homofobia,365,Abril,4,2016
Neo Nazismo,73,Abril,4,2016
Tráfico de Pessoas,124,Abril,4,2016
Apologia e Incitação a crimes contra a Vida,1157,Abril,4,2016
Intolerância Religiosa,85,Abril,4,2016
Maus Tratos Contra Animais,212,Abril,4,2016
Racismo,3148,Abril,4,2016
Pornografia Infantil,3444,Abril,4,2016
Violência ou Discriminação contra Mulheres,162,Abril,4,2016
Xenofobia,86,Abril,4,2016
Não classificado,0,Maio,5,2016
Homofobia,294,Maio,5,2016
Neo Nazismo,77,Maio,5,2016
Tráfico de Pessoas,211,Maio,5,2016
Apologia e Incitação a crimes contra a Vida,2347,Maio,5,2016
Intolerância Religiosa,98,Maio,5,2016
Maus Tratos Contra Animais,389,Maio,5,2016
Racismo,4073,Maio,5,2016
Pornografia Infantil,17282,Maio,5,2016
Violência ou Discriminação contra Mulheres,485,Maio,5,2016
Xenofobia,145,Maio,5,2016
Não classificado,0,Junho,6,2016
Homofobia,215,Junho,6,2016
Neo Nazismo,59,Junho,6,2016
Tráfico de Pessoas,194,Junho,6,2016
Apologia e Incitação a crimes contra a Vida,947,Junho,6,2016
Intolerância Religiosa,920,Junho,6,2016
Maus Tratos Contra Animais,60,Junho,6,2016
Racismo,2620,Junho,6,2016
Pornografia Infantil,7545,Junho,6,2016
Violência ou Discriminação contra Mulheres,158,Junho,6,2016
Xenofobia,86,Junho,6,2016
Não classificado,0,Julho,7,2016
Homofobia,215,Julho,7,2016
Neo Nazismo,51,Julho,7,2016
Tráfico de Pessoas,200,Julho,7,2016
Apologia e Incitação a crimes contra a Vida,638,Julho,7,2016
Intolerância Religiosa,87,Julho,7,2016
Maus Tratos Contra Animais,89,Julho,7,2016
Racismo,2223,Julho,7,2016
Pornografia Infantil,3829,Julho,7,2016
Violência ou Discriminação contra Mulheres,64,Julho,7,2016
Xenofobia,77,Julho,7,2016
Não classificado,0,Agosto,8,2016
Homofobia,321,Agosto,8,2016
Neo Nazismo,53,Agosto,8,2016
Tráfico de Pessoas,379,Agosto,8,2016
Apologia e Incitação a crimes contra a Vida,867,Agosto,8,2016
Intolerância Religiosa,106,Agosto,8,2016
Maus Tratos Contra Animais,113,Agosto,8,2016
Racismo,4007,Agosto,8,2016
Pornografia Infantil,4206,Agosto,8,2016
Violência ou Discriminação contra Mulheres,131,Agosto,8,2016
Xenofobia,595,Agosto,8,2016
Não classificado,0,Setembro,9,2016
Homofobia,235,Setembro,9,2016
Neo Nazismo,49,Setembro,9,2016
Tráfico de Pessoas,92,Setembro,9,2016
Apologia e Incitação a crimes contra a Vida,652,Setembro,9,2016
Intolerância Religiosa,70,Setembro,9,2016
Maus Tratos Contra Animais,47,Setembro,9,2016
Racismo,2702,Setembro,9,2016
Pornografia Infantil,4826,Setembro,9,2016
Violência ou Discriminação contra Mulheres,64,Setembro,9,2016
Xenofobia,288,Setembro,9,2016
Não classificado,0,Outubro,10,2016
Homofobia,127,Outubro,10,2016
Neo Nazismo,37,Outubro,10,2016
Tráfico de Pessoas,63,Outubro,10,2016
Apologia e Incitação a crimes contra a Vida,313,Outubro,10,2016
Intolerância Religiosa,20,Outubro,10,2016
Maus Tratos Contra Animais,98,Outubro,10,2016
Racismo,915,Outubro,10,2016
Pornografia Infantil,2503,Outubro,10,2016
Violência ou Discriminação contra Mulheres,26,Outubro,10,2016
Xenofobia,20,Outubro,10,2016
Não classificado,0,Novembro,11,2016
Homofobia,180,Novembro,11,2016
Neo Nazismo,51,Novembro,11,2016
Tráfico de Pessoas,37,Novembro,11,2016
Apologia e Incitação a crimes contra a Vida,642,Novembro,11,2016
Intolerância Religiosa,270,Novembro,11,2016
Maus Tratos Contra Animais,59,Novembro,11,2016
Racismo,456,Novembro,11,2016
Pornografia Infantil,2506,Novembro,11,2016
Violência ou Discriminação contra Mulheres,159,Novembro,11,2016
Xenofobia,118,Novembro,11,2016
Não classificado,0,Dezembro,12,2016
Homofobia,293,Dezembro,12,2016
Neo Nazismo,86,Dezembro,12,2016
Tráfico de Pessoas,34,Dezembro,12,2016
Apologia e Incitação a crimes contra a Vida,639,Dezembro,12,2016
Intolerância Religiosa,72,Dezembro,12,2016
Maus Tratos Contra Animais,83,Dezembro,12,2016
Racismo,394,Dezembro,12,2016
Pornografia Infantil,3029,Dezembro,12,2016
Violência ou Discriminação contra Mulheres,57,Dezembro,12,2016
Xenofobia,81,Dezembro,12,2016
Não classificado,0,Janeiro,1,2017
Homofobia,264,Janeiro,1,2017
Neo Nazismo,104,Janeiro,1,2017
Tráfico de Pessoas,32,Janeiro,1,2017
Apologia e Incitação a crimes contra a Vida,932,Janeiro,1,2017
Intolerância Religiosa,201,Janeiro,1,2017
Maus Tratos Contra Animais,96,Janeiro,1,2017
Racismo,437,Janeiro,1,2017
Pornografia Infantil,2779,Janeiro,1,2017
Violência ou Discriminação contra Mulheres,49,Janeiro,1,2017
Xenofobia,121,Janeiro,1,2017
Não classificado,0,Fevereiro,2,2017
Homofobia,400,Fevereiro,2,2017
Neo Nazismo,121,Fevereiro,2,2017
Tráfico de Pessoas,103,Fevereiro,2,2017
Apologia e Incitação a crimes contra a Vida,2897,Fevereiro,2,2017
Intolerância Religiosa,247,Fevereiro,2,2017
Maus Tratos Contra Animais,182,Fevereiro,2,2017
Racismo,1336,Fevereiro,2,2017
Pornografia Infantil,2345,Fevereiro,2,2017
Violência ou Discriminação contra Mulheres,86,Fevereiro,2,2017
Xenofobia,167,Fevereiro,2,2017
Não classificado,0,Março,3,2017
Homofobia,402,Março,3,2017
Neo Nazismo,199,Março,3,2017
Tráfico de Pessoas,58,Março,3,2017
Apologia e Incitação a crimes contra a Vida,3351,Março,3,2017
Intolerância Religiosa,168,Março,3,2017
Maus Tratos Contra Animais,81,Março,3,2017
Racismo,671,Março,3,2017
Pornografia Infantil,3204,Março,3,2017
Violência ou Discriminação contra Mulheres,108,Março,3,2017
Xenofobia,126,Março,3,2017
Não classificado,0,Abril,4,2017
Homofobia,252,Abril,4,2017
Neo Nazismo,243,Abril,4,2017
Tráfico de Pessoas,66,Abril,4,2017
Apologia e Incitação a crimes contra a Vida,5394,Abril,4,2017
Intolerância Religiosa,156,Abril,4,2017
Maus Tratos Contra Animais,4098,Abril,4,2017
Racismo,1074,Abril,4,2017
Pornografia Infantil,3366,Abril,4,2017
Violência ou Discriminação contra Mulheres,1037,Abril,4,2017
Xenofobia,331,Abril,4,2017
Não classificado,0,Maio,5,2017
Homofobia,370,Maio,5,2017
Neo Nazismo,56,Maio,5,2017
Tráfico de Pessoas,45,Maio,5,2017
Apologia e Incitação a crimes contra a Vida,876,Maio,5,2017
Intolerância Religiosa,98,Maio,5,2017
Maus Tratos Contra Animais,73,Maio,5,2017
Racismo,1282,Maio,5,2017
Pornografia Infantil,3081,Maio,5,2017
Violência ou Discriminação contra Mulheres,80,Maio,5,2017
Xenofobia,239,Maio,5,2017
Não classificado,0,Junho,6,2017
Homofobia,226,Junho,6,2017
Neo Nazismo,49,Junho,6,2017
Tráfico de Pessoas,64,Junho,6,2017
Apologia e Incitação a crimes contra a Vida,860,Junho,6,2017
Intolerância Religiosa,118,Junho,6,2017
Maus Tratos Contra Animais,108,Junho,6,2017
Racismo,394,Junho,6,2017
Pornografia Infantil,3374,Junho,6,2017
Violência ou Discriminação contra Mulheres,55,Junho,6,2017
Xenofobia,168,Junho,6,2017
Não classificado,0,Julho,7,2017
Homofobia,257,Julho,7,2017
Neo Nazismo,127,Julho,7,2017
Tráfico de Pessoas,49,Julho,7,2017
Apologia e Incitação a crimes contra a Vida,574,Julho,7,2017
Intolerância Religiosa,77,Julho,7,2017
Maus Tratos Contra Animais,59,Julho,7,2017
Racismo,633,Julho,7,2017
Pornografia Infantil,3206,Julho,7,2017
Violência ou Discriminação contra Mulheres,97,Julho,7,2017
Xenofobia,92,Julho,7,2017
Não classificado,0,Agosto,8,2017
Homofobia,140,Agosto,8,2017
Neo Nazismo,141,Agosto,8,2017
Tráfico de Pessoas,89,Agosto,8,2017
Apologia e Incitação a crimes contra a Vida,726,Agosto,8,2017
Intolerância Religiosa,93,Agosto,8,2017
Maus Tratos Contra Animais,46,Agosto,8,2017
Racismo,392,Agosto,8,2017
Pornografia Infantil,3036,Agosto,8,2017
Violência ou Discriminação contra Mulheres,54,Agosto,8,2017
Xenofobia,95,Agosto,8,2017
Não classificado,0,Setembro,9,2017
Homofobia,238,Setembro,9,2017
Neo Nazismo,109,Setembro,9,2017
Tráfico de Pessoas,49,Setembro,9,2017
Apologia e Incitação a crimes contra a Vida,792,Setembro,9,2017
Intolerância Religiosa,94,Setembro,9,2017
Maus Tratos Contra Animais,29,Setembro,9,2017
Racismo,391,Setembro,9,2017
Pornografia Infantil,3410,Setembro,9,2017
Violência ou Discriminação contra Mulheres,69,Setembro,9,2017
Xenofobia,70,Setembro,9,2017
Não classificado,0,Outubro,10,2017
Homofobia,91,Outubro,10,2017
Neo Nazismo,44,Outubro,10,2017
Tráfico de Pessoas,34,Outubro,10,2017
Apologia e Incitação a crimes contra a Vida,399,Outubro,10,2017
Intolerância Religiosa,112,Outubro,10,2017
Maus Tratos Contra Animais,84,Outubro,10,2017
Racismo,221,Outubro,10,2017
Pornografia Infantil,4018,Outubro,10,2017
Violência ou Discriminação contra Mulheres,99,Outubro,10,2017
Xenofobia,38,Outubro,10,2017
Não classificado,0,Novembro,11,2017
Homofobia,96,Novembro,11,2017
Neo Nazismo,69,Novembro,11,2017
Tráfico de Pessoas,49,Novembro,11,2017
Apologia e Incitação a crimes contra a Vida,677,Novembro,11,2017
Intolerância Religiosa,52,Novembro,11,2017
Maus Tratos Contra Animais,56,Novembro,11,2017
Racismo,385,Novembro,11,2017
Pornografia Infantil,3500,Novembro,11,2017
Violência ou Discriminação contra Mulheres,97,Novembro,11,2017
Xenofobia,32,Novembro,11,2017
Não classificado,0,Dezembro,12,2017
Homofobia,80,Dezembro,12,2017
Neo Nazismo,29,Dezembro,12,2017
Tráfico de Pessoas,48,Dezembro,12,2017
Apologia e Incitação a crimes contra a Vida,592,Dezembro,12,2017
Intolerância Religiosa,92,Dezembro,12,2017
Maus Tratos Contra Animais,118,Dezembro,12,2017
Racismo,261,Dezembro,12,2017
Pornografia Infantil,3681,Dezembro,12,2017
Violência ou Discriminação contra Mulheres,116,Dezembro,12,2017
Xenofobia,37,Dezembro,12,2017
Não classificado,0,Janeiro,1,2018
Homofobia,665,Janeiro,1,2018
Neo Nazismo,1951,Janeiro,1,2018
Tráfico de Pessoas,99,Janeiro,1,2018
Apologia e Incitação a crimes contra a Vida,9283,Janeiro,1,2018
Intolerância Religiosa,120,Janeiro,1,2018
Maus Tratos Contra Animais,175,Janeiro,1,2018
Racismo,3041,Janeiro,1,2018
Pornografia Infantil,19394,Janeiro,1,2018
Violência ou Discriminação contra Mulheres,10093,Janeiro,1,2018
Xenofobia,180,Janeiro,1,2018
Não classificado,0,Fevereiro,2,2018
Homofobia,77,Fevereiro,2,2018
Neo Nazismo,36,Fevereiro,2,2018
Tráfico de Pessoas,58,Fevereiro,2,2018
Apologia e Incitação a crimes contra a Vida,491,Fevereiro,2,2018
Intolerância Religiosa,37,Fevereiro,2,2018
Maus Tratos Contra Animais,57,Fevereiro,2,2018
Racismo,435,Fevereiro,2,2018
Pornografia Infantil,3912,Fevereiro,2,2018
Violência ou Discriminação contra Mulheres,323,Fevereiro,2,2018
Xenofobia,696,Fevereiro,2,2018
Não classificado,0,Março,3,2018
Homofobia,99,Março,3,2018
Neo Nazismo,64,Março,3,2018
Tráfico de Pessoas,67,Março,3,2018
Apologia e Incitação a crimes contra a Vida,795,Março,3,2018
Intolerância Religiosa,41,Março,3,2018
Maus Tratos Contra Animais,61,Março,3,2018
Racismo,603,Março,3,2018
Pornografia Infantil,3806,Março,3,2018
Violência ou Discriminação contra Mulheres,364,Março,3,2018
Xenofobia,136,Março,3,2018
Não classificado,0,Abril,4,2018
Homofobia,80,Abril,4,2018
Neo Nazismo,119,Abril,4,2018
Tráfico de Pessoas,26,Abril,4,2018
Apologia e Incitação a crimes contra a Vida,541,Abril,4,2018
Intolerância Religiosa,59,Abril,4,2018
Maus Tratos Contra Animais,267,Abril,4,2018
Racismo,211,Abril,4,2018
Pornografia Infantil,4099,Abril,4,2018
Violência ou Discriminação contra Mulheres,350,Abril,4,2018
Xenofobia,71,Abril,4,2018
Não classificado,0,Maio,5,2018
Homofobia,96,Maio,5,2018
Neo Nazismo,47,Maio,5,2018
Tráfico de Pessoas,30,Maio,5,2018
Apologia e Incitação a crimes contra a Vida,478,Maio,5,2018
Intolerância Religiosa,56,Maio,5,2018
Maus Tratos Contra Animais,85,Maio,5,2018
Racismo,192,Maio,5,2018
Pornografia Infantil,4345,Maio,5,2018
Violência ou Discriminação contra Mulheres,667,Maio,5,2018
Xenofobia,54,Maio,5,2018
Não classificado,0,Junho,6,2018
Homofobia,138,Junho,6,2018
Neo Nazismo,52,Junho,6,2018
Tráfico de Pessoas,41,Junho,6,2018
Apologia e Incitação a crimes contra a Vida,775,Junho,6,2018
Intolerância Religiosa,56,Junho,6,2018
Maus Tratos Contra Animais,35,Junho,6,2018
Racismo,357,Junho,6,2018
Pornografia Infantil,5564,Junho,6,2018
Violência ou Discriminação contra Mulheres,596,Junho,6,2018
Xenofobia,46,Junho,6,2018
Não classificado,0,Julho,7,2018
Homofobia,145,Julho,7,2018
Neo Nazismo,44,Julho,7,2018
Tráfico de Pessoas,22,Julho,7,2018
Apologia e Incitação a crimes contra a Vida,427,Julho,7,2018
Intolerância Religiosa,51,Julho,7,2018
Maus Tratos Contra Animais,41,Julho,7,2018
Racismo,283,Julho,7,2018
Pornografia Infantil,4011,Julho,7,2018
Violência ou Discriminação contra Mulheres,539,Julho,7,2018
Xenofobia,55,Julho,7,2018
Não classificado,0,Agosto,8,2018
Homofobia,103,Agosto,8,2018
Neo Nazismo,77,Agosto,8,2018
Tráfico de Pessoas,31,Agosto,8,2018
Apologia e Incitação a crimes contra a Vida,443,Agosto,8,2018
Intolerância Religiosa,87,Agosto,8,2018
Maus Tratos Contra Animais,59,Agosto,8,2018
Racismo,268,Agosto,8,2018
Pornografia Infantil,3989,Agosto,8,2018
Violência ou Discriminação contra Mulheres,583,Agosto,8,2018
Xenofobia,121,Agosto,8,2018
Não classificado,20,Setembro,9,2018
Homofobia,297,Setembro,9,2018
Neo Nazismo,150,Setembro,9,2018
Tráfico de Pessoas,34,Setembro,9,2018
Apologia e Incitação a crimes contra a Vida,1270,Setembro,9,2018
Intolerância Religiosa,131,Setembro,9,2018
Maus Tratos Contra Animais,56,Setembro,9,2018
Racismo,362,Setembro,9,2018
Pornografia Infantil,4032,Setembro,9,2018
Violência ou Discriminação contra Mulheres,937,Setembro,9,2018
Xenofobia,175,Setembro,9,2018
Não classificado,1,Outubro,10,2018
Homofobia,2268,Outubro,10,2018
Neo Nazismo,1486,Outubro,10,2018
Tráfico de Pessoas,46,Outubro,10,2018
Apologia e Incitação a crimes contra a Vida,11985,Outubro,10,2018
Intolerância Religiosa,321,Outubro,10,2018
Maus Tratos Contra Animais,51,Outubro,10,2018
Racismo,2116,Outubro,10,2018
Pornografia Infantil,4116,Outubro,10,2018
Violência ou Discriminação contra Mulheres,1625,Outubro,10,2018
Xenofobia,8163,Outubro,10,2018
Não classificado,0,Novembro,11,2018
Homofobia,223,Novembro,11,2018
Neo Nazismo,181,Novembro,11,2018
Tráfico de Pessoas,29,Novembro,11,2018
Apologia e Incitação a crimes contra a Vida,876,Novembro,11,2018
Intolerância Religiosa,46,Novembro,11,2018
Maus Tratos Contra Animais,150,Novembro,11,2018
Racismo,308,Novembro,11,2018
Pornografia Infantil,3591,Novembro,11,2018
Violência ou Discriminação contra Mulheres,444,Novembro,11,2018
Xenofobia,86,Novembro,11,2018
Não classificado,0,Dezembro,12,2018
Homofobia,121,Dezembro,12,2018
Neo Nazismo,61,Dezembro,12,2018
Tráfico de Pessoas,50,Dezembro,12,2018
Apologia e Incitação a crimes contra a Vida,660,Dezembro,12,2018
Intolerância Religiosa,97,Dezembro,12,2018
Maus Tratos Contra Animais,122,Dezembro,12,2018
Racismo,290,Dezembro,12,2018
Pornografia Infantil,3834,Dezembro,12,2018
Violência ou Discriminação contra Mulheres,529,Dezembro,12,2018
Xenofobia,103,Dezembro,12,2018
