Período,Violação,Únicas,Duplicadas,Total
01/01/2006 a 31/01/2006,Não classificado,0,0,0
01/01/2006 a 31/01/2006,Homofobia,2,0,2
01/01/2006 a 31/01/2006,Neo Nazismo,7,1,8
01/01/2006 a 31/01/2006,Tráfico de Pessoas,0,0,0
01/01/2006 a 31/01/2006,Apologia e Incitação a crimes contra a Vida,2,0,2
01/01/2006 a 31/01/2006,Intolerância Religiosa,0,0,0
01/01/2006 a 31/01/2006,Maus Tratos Contra Animais,2,0,2
01/01/2006 a 31/01/2006,Racismo,4,0,4
01/01/2006 a 31/01/2006,Pornografia Infantil,75,0,75
01/01/2006 a 31/01/2006,Violência ou Discriminação contra Mulheres,0,0,0
01/01/2006 a 31/01/2006,Xenofobia,4,1,5
,,,,
01/02/2006 a 28/02/2006,Não classificado,0,0,0
01/02/2006 a 28/02/2006,Homofobia,9,0,9
01/02/2006 a 28/02/2006,Neo Nazismo,55,16,71
01/02/2006 a 28/02/2006,Tráfico de Pessoas,0,0,0
01/02/2006 a 28/02/2006,Apologia e Incitação a crimes contra a Vida,27,3,30
01/02/2006 a 28/02/2006,Intolerância Religiosa,5,3,8
01/02/2006 a 28/02/2006,Maus Tratos Contra Animais,13,12,25
01/02/2006 a 28/02/2006,Racismo,44,22,66
01/02/2006 a 28/02/2006,Pornografia Infantil,145,0,145
01/02/2006 a 28/02/2006,Violência ou Discriminação contra Mulheres,0,0,0
01/02/2006 a 28/02/2006,Xenofobia,4,3,7
,,,,
01/03/2006 a 31/03/2006,Não classificado,0,0,0
01/03/2006 a 31/03/2006,Homofobia,59,28,87
01/03/2006 a 31/03/2006,Neo Nazismo,181,148,329
01/03/2006 a 31/03/2006,Tráfico de Pessoas,1,0,1
01/03/2006 a 31/03/2006,Apologia e Incitação a crimes contra a Vida,169,85,254
01/03/2006 a 31/03/2006,Intolerância Religiosa,80,15,95
01/03/2006 a 31/03/2006,Maus Tratos Contra Animais,115,152,267
01/03/2006 a 31/03/2006,Racismo,223,517,740
01/03/2006 a 31/03/2006,Pornografia Infantil,467,216,683
01/03/2006 a 31/03/2006,Violência ou Discriminação contra Mulheres,0,0,0
01/03/2006 a 31/03/2006,Xenofobia,26,22,48
,,,,
01/04/2006 a 30/04/2006,Não classificado,0,0,0
01/04/2006 a 30/04/2006,Homofobia,214,168,382
01/04/2006 a 30/04/2006,Neo Nazismo,276,627,903
01/04/2006 a 30/04/2006,Tráfico de Pessoas,1,0,1
01/04/2006 a 30/04/2006,Apologia e Incitação a crimes contra a Vida,710,367,1077
01/04/2006 a 30/04/2006,Intolerância Religiosa,172,156,328
01/04/2006 a 30/04/2006,Maus Tratos Contra Animais,162,385,547
01/04/2006 a 30/04/2006,Racismo,383,959,1342
01/04/2006 a 30/04/2006,Pornografia Infantil,1723,7626,9349
01/04/2006 a 30/04/2006,Violência ou Discriminação contra Mulheres,0,0,0
01/04/2006 a 30/04/2006,Xenofobia,95,96,191
,,,,
01/05/2006 a 31/05/2006,Não classificado,0,0,0
01/05/2006 a 31/05/2006,Homofobia,119,104,223
01/05/2006 a 31/05/2006,Neo Nazismo,251,832,1083
01/05/2006 a 31/05/2006,Tráfico de Pessoas,0,0,0
01/05/2006 a 31/05/2006,Apologia e Incitação a crimes contra a Vida,1154,2473,3627
01/05/2006 a 31/05/2006,Intolerância Religiosa,264,1242,1506
01/05/2006 a 31/05/2006,Maus Tratos Contra Animais,182,955,1137
01/05/2006 a 31/05/2006,Racismo,256,787,1043
01/05/2006 a 31/05/2006,Pornografia Infantil,1198,3419,4617
01/05/2006 a 31/05/2006,Violência ou Discriminação contra Mulheres,0,0,0
01/05/2006 a 31/05/2006,Xenofobia,70,82,152
,,,,
01/06/2006 a 30/06/2006,Não classificado,0,0,0
01/06/2006 a 30/06/2006,Homofobia,198,363,561
01/06/2006 a 30/06/2006,Neo Nazismo,389,2986,3375
01/06/2006 a 30/06/2006,Tráfico de Pessoas,0,0,0
01/06/2006 a 30/06/2006,Apologia e Incitação a crimes contra a Vida,1194,3380,4574
01/06/2006 a 30/06/2006,Intolerância Religiosa,160,1242,1402
01/06/2006 a 30/06/2006,Maus Tratos Contra Animais,332,3524,3856
01/06/2006 a 30/06/2006,Racismo,231,1248,1479
01/06/2006 a 30/06/2006,Pornografia Infantil,1419,7519,8938
01/06/2006 a 30/06/2006,Violência ou Discriminação contra Mulheres,0,0,0
01/06/2006 a 30/06/2006,Xenofobia,82,199,281
,,,,
01/07/2006 a 31/07/2006,Não classificado,0,0,0
01/07/2006 a 31/07/2006,Homofobia,169,253,422
01/07/2006 a 31/07/2006,Neo Nazismo,619,4229,4848
01/07/2006 a 31/07/2006,Tráfico de Pessoas,0,0,0
01/07/2006 a 31/07/2006,Apologia e Incitação a crimes contra a Vida,915,3280,4195
01/07/2006 a 31/07/2006,Intolerância Religiosa,132,1163,1295
01/07/2006 a 31/07/2006,Maus Tratos Contra Animais,411,3655,4066
01/07/2006 a 31/07/2006,Racismo,343,2396,2739
01/07/2006 a 31/07/2006,Pornografia Infantil,1553,9054,10607
01/07/2006 a 31/07/2006,Violência ou Discriminação contra Mulheres,0,0,0
01/07/2006 a 31/07/2006,Xenofobia,46,211,257
,,,,
01/08/2006 a 31/08/2006,Não classificado,0,0,0
01/08/2006 a 31/08/2006,Homofobia,99,130,229
01/08/2006 a 31/08/2006,Neo Nazismo,323,2621,2944
01/08/2006 a 31/08/2006,Tráfico de Pessoas,0,0,0
01/08/2006 a 31/08/2006,Apologia e Incitação a crimes contra a Vida,982,8848,9830
01/08/2006 a 31/08/2006,Intolerância Religiosa,213,2423,2636
01/08/2006 a 31/08/2006,Maus Tratos Contra Animais,216,4230,4446
01/08/2006 a 31/08/2006,Racismo,256,2032,2288
01/08/2006 a 31/08/2006,Pornografia Infantil,1284,7999,9283
01/08/2006 a 31/08/2006,Violência ou Discriminação contra Mulheres,0,0,0
01/08/2006 a 31/08/2006,Xenofobia,39,102,141
,,,,
01/09/2006 a 30/09/2006,Não classificado,0,0,0
01/09/2006 a 30/09/2006,Homofobia,203,4243,4446
01/09/2006 a 30/09/2006,Neo Nazismo,381,4021,4402
01/09/2006 a 30/09/2006,Tráfico de Pessoas,0,0,0
01/09/2006 a 30/09/2006,Apologia e Incitação a crimes contra a Vida,889,11294,12183
01/09/2006 a 30/09/2006,Intolerância Religiosa,152,3326,3478
01/09/2006 a 30/09/2006,Maus Tratos Contra Animais,278,6588,6866
01/09/2006 a 30/09/2006,Racismo,308,2250,2558
01/09/2006 a 30/09/2006,Pornografia Infantil,1307,17709,19016
01/09/2006 a 30/09/2006,Violência ou Discriminação contra Mulheres,0,0,0
01/09/2006 a 30/09/2006,Xenofobia,75,219,294
,,,,
01/10/2006 a 31/10/2006,Não classificado,0,0,0
01/10/2006 a 31/10/2006,Homofobia,257,5118,5375
01/10/2006 a 31/10/2006,Neo Nazismo,292,4254,4546
01/10/2006 a 31/10/2006,Tráfico de Pessoas,0,0,0
01/10/2006 a 31/10/2006,Apologia e Incitação a crimes contra a Vida,1327,10058,11385
01/10/2006 a 31/10/2006,Intolerância Religiosa,337,4866,5203
01/10/2006 a 31/10/2006,Maus Tratos Contra Animais,319,12434,12753
01/10/2006 a 31/10/2006,Racismo,362,3835,4197
01/10/2006 a 31/10/2006,Pornografia Infantil,994,12290,13284
01/10/2006 a 31/10/2006,Violência ou Discriminação contra Mulheres,0,0,0
01/10/2006 a 31/10/2006,Xenofobia,149,485,634
,,,,
01/11/2006 a 30/11/2006,Não classificado,0,0,0
01/11/2006 a 30/11/2006,Homofobia,279,5910,6189
01/11/2006 a 30/11/2006,Neo Nazismo,361,6267,6628
01/11/2006 a 30/11/2006,Tráfico de Pessoas,0,0,0
01/11/2006 a 30/11/2006,Apologia e Incitação a crimes contra a Vida,1596,13448,15044
01/11/2006 a 30/11/2006,Intolerância Religiosa,466,7807,8273
01/11/2006 a 30/11/2006,Maus Tratos Contra Animais,559,14433,14992
01/11/2006 a 30/11/2006,Racismo,429,6385,6814
01/11/2006 a 30/11/2006,Pornografia Infantil,1876,17891,19767
01/11/2006 a 30/11/2006,Violência ou Discriminação contra Mulheres,0,0,0
01/11/2006 a 30/11/2006,Xenofobia,205,1159,1364
,,,,
01/12/2006 a 31/12/2006,Não classificado,0,0,0
01/12/2006 a 31/12/2006,Homofobia,164,2003,2167
01/12/2006 a 31/12/2006,Neo Nazismo,319,3461,3780
01/12/2006 a 31/12/2006,Tráfico de Pessoas,0,0,0
01/12/2006 a 31/12/2006,Apologia e Incitação a crimes contra a Vida,864,6117,6981
01/12/2006 a 31/12/2006,Intolerância Religiosa,249,3256,3505
01/12/2006 a 31/12/2006,Maus Tratos Contra Animais,265,6301,6566
01/12/2006 a 31/12/2006,Racismo,299,2266,2565
01/12/2006 a 31/12/2006,Pornografia Infantil,2382,20463,22845
01/12/2006 a 31/12/2006,Violência ou Discriminação contra Mulheres,0,0,0
01/12/2006 a 31/12/2006,Xenofobia,85,339,424
,,,,
01/01/2007 a 31/01/2007,Não classificado,0,0,0
01/01/2007 a 31/01/2007,Homofobia,101,630,731
01/01/2007 a 31/01/2007,Neo Nazismo,179,2140,2319
01/01/2007 a 31/01/2007,Tráfico de Pessoas,0,0,0
01/01/2007 a 31/01/2007,Apologia e Incitação a crimes contra a Vida,841,5773,6614
01/01/2007 a 31/01/2007,Intolerância Religiosa,203,2574,2777
01/01/2007 a 31/01/2007,Maus Tratos Contra Animais,224,5690,5914
01/01/2007 a 31/01/2007,Racismo,296,2021,2317
01/01/2007 a 31/01/2007,Pornografia Infantil,1690,10518,12208
01/01/2007 a 31/01/2007,Violência ou Discriminação contra Mulheres,0,0,0
01/01/2007 a 31/01/2007,Xenofobia,122,427,549
,,,,
01/02/2007 a 28/02/2007,Não classificado,0,0,0
01/02/2007 a 28/02/2007,Homofobia,101,1009,1110
01/02/2007 a 28/02/2007,Neo Nazismo,262,1378,1640
01/02/2007 a 28/02/2007,Tráfico de Pessoas,0,0,0
01/02/2007 a 28/02/2007,Apologia e Incitação a crimes contra a Vida,707,5706,6413
01/02/2007 a 28/02/2007,Intolerância Religiosa,174,1668,1842
01/02/2007 a 28/02/2007,Maus Tratos Contra Animais,218,5570,5788
01/02/2007 a 28/02/2007,Racismo,242,2282,2524
01/02/2007 a 28/02/2007,Pornografia Infantil,1584,6593,8177
01/02/2007 a 28/02/2007,Violência ou Discriminação contra Mulheres,0,0,0
01/02/2007 a 28/02/2007,Xenofobia,87,341,428
,,,,
01/03/2007 a 31/03/2007,Não classificado,0,0,0
01/03/2007 a 31/03/2007,Homofobia,136,945,1081
01/03/2007 a 31/03/2007,Neo Nazismo,190,1555,1745
01/03/2007 a 31/03/2007,Tráfico de Pessoas,0,0,0
01/03/2007 a 31/03/2007,Apologia e Incitação a crimes contra a Vida,1343,9084,10427
01/03/2007 a 31/03/2007,Intolerância Religiosa,158,2105,2263
01/03/2007 a 31/03/2007,Maus Tratos Contra Animais,180,5421,5601
01/03/2007 a 31/03/2007,Racismo,407,3731,4138
01/03/2007 a 31/03/2007,Pornografia Infantil,2160,12818,14978
01/03/2007 a 31/03/2007,Violência ou Discriminação contra Mulheres,0,0,0
01/03/2007 a 31/03/2007,Xenofobia,84,293,377
,,,,
01/04/2007 a 30/04/2007,Não classificado,0,0,0
01/04/2007 a 30/04/2007,Homofobia,103,1307,1410
01/04/2007 a 30/04/2007,Neo Nazismo,242,1351,1593
01/04/2007 a 30/04/2007,Tráfico de Pessoas,0,0,0
01/04/2007 a 30/04/2007,Apologia e Incitação a crimes contra a Vida,1139,7567,8706
01/04/2007 a 30/04/2007,Intolerância Religiosa,120,1824,1944
01/04/2007 a 30/04/2007,Maus Tratos Contra Animais,258,4419,4677
01/04/2007 a 30/04/2007,Racismo,305,1933,2238
01/04/2007 a 30/04/2007,Pornografia Infantil,3135,20903,24038
01/04/2007 a 30/04/2007,Violência ou Discriminação contra Mulheres,0,0,0
01/04/2007 a 30/04/2007,Xenofobia,86,1101,1187
,,,,
01/05/2007 a 31/05/2007,Não classificado,0,0,0
01/05/2007 a 31/05/2007,Homofobia,137,3093,3230
01/05/2007 a 31/05/2007,Neo Nazismo,258,2413,2671
01/05/2007 a 31/05/2007,Tráfico de Pessoas,0,0,0
01/05/2007 a 31/05/2007,Apologia e Incitação a crimes contra a Vida,1411,7884,9295
01/05/2007 a 31/05/2007,Intolerância Religiosa,182,2240,2422
01/05/2007 a 31/05/2007,Maus Tratos Contra Animais,190,2948,3138
01/05/2007 a 31/05/2007,Racismo,252,1888,2140
01/05/2007 a 31/05/2007,Pornografia Infantil,3984,36447,40431
01/05/2007 a 31/05/2007,Violência ou Discriminação contra Mulheres,0,0,0
01/05/2007 a 31/05/2007,Xenofobia,120,2265,2385
,,,,
01/06/2007 a 30/06/2007,Não classificado,0,0,0
01/06/2007 a 30/06/2007,Homofobia,88,1027,1115
01/06/2007 a 30/06/2007,Neo Nazismo,436,8874,9310
01/06/2007 a 30/06/2007,Tráfico de Pessoas,0,0,0
01/06/2007 a 30/06/2007,Apologia e Incitação a crimes contra a Vida,1816,21080,22896
01/06/2007 a 30/06/2007,Intolerância Religiosa,147,3264,3411
01/06/2007 a 30/06/2007,Maus Tratos Contra Animais,130,4165,4295
01/06/2007 a 30/06/2007,Racismo,227,1679,1906
01/06/2007 a 30/06/2007,Pornografia Infantil,3416,23638,27054
01/06/2007 a 30/06/2007,Violência ou Discriminação contra Mulheres,0,0,0
01/06/2007 a 30/06/2007,Xenofobia,86,1857,1943
,,,,
01/07/2007 a 31/07/2007,Não classificado,0,0,0
01/07/2007 a 31/07/2007,Homofobia,87,858,945
01/07/2007 a 31/07/2007,Neo Nazismo,350,4445,4795
01/07/2007 a 31/07/2007,Tráfico de Pessoas,1,0,1
01/07/2007 a 31/07/2007,Apologia e Incitação a crimes contra a Vida,1558,24526,26084
01/07/2007 a 31/07/2007,Intolerância Religiosa,172,4497,4669
01/07/2007 a 31/07/2007,Maus Tratos Contra Animais,154,8961,9115
01/07/2007 a 31/07/2007,Racismo,263,3435,3698
01/07/2007 a 31/07/2007,Pornografia Infantil,3083,24476,27559
01/07/2007 a 31/07/2007,Violência ou Discriminação contra Mulheres,0,0,0
01/07/2007 a 31/07/2007,Xenofobia,72,837,909
,,,,
01/08/2007 a 31/08/2007,Não classificado,0,0,0
01/08/2007 a 31/08/2007,Homofobia,120,815,935
01/08/2007 a 31/08/2007,Neo Nazismo,350,2886,3236
01/08/2007 a 31/08/2007,Tráfico de Pessoas,0,0,0
01/08/2007 a 31/08/2007,Apologia e Incitação a crimes contra a Vida,936,12243,13179
01/08/2007 a 31/08/2007,Intolerância Religiosa,213,5026,5239
01/08/2007 a 31/08/2007,Maus Tratos Contra Animais,159,8519,8678
01/08/2007 a 31/08/2007,Racismo,244,2303,2547
01/08/2007 a 31/08/2007,Pornografia Infantil,3318,30567,33885
01/08/2007 a 31/08/2007,Violência ou Discriminação contra Mulheres,0,0,0
01/08/2007 a 31/08/2007,Xenofobia,60,301,361
,,,,
01/09/2007 a 30/09/2007,Não classificado,0,0,0
01/09/2007 a 30/09/2007,Homofobia,69,734,803
01/09/2007 a 30/09/2007,Neo Nazismo,199,2508,2707
01/09/2007 a 30/09/2007,Tráfico de Pessoas,0,0,0
01/09/2007 a 30/09/2007,Apologia e Incitação a crimes contra a Vida,806,8541,9347
01/09/2007 a 30/09/2007,Intolerância Religiosa,265,4426,4691
01/09/2007 a 30/09/2007,Maus Tratos Contra Animais,172,4723,4895
01/09/2007 a 30/09/2007,Racismo,169,1565,1734
01/09/2007 a 30/09/2007,Pornografia Infantil,3242,22123,25365
01/09/2007 a 30/09/2007,Violência ou Discriminação contra Mulheres,0,0,0
01/09/2007 a 30/09/2007,Xenofobia,56,320,376
,,,,
01/10/2007 a 31/10/2007,Não classificado,0,0,0
01/10/2007 a 31/10/2007,Homofobia,110,460,570
01/10/2007 a 31/10/2007,Neo Nazismo,259,1665,1924
01/10/2007 a 31/10/2007,Tráfico de Pessoas,0,0,0
01/10/2007 a 31/10/2007,Apologia e Incitação a crimes contra a Vida,951,9547,10498
01/10/2007 a 31/10/2007,Intolerância Religiosa,128,2691,2819
01/10/2007 a 31/10/2007,Maus Tratos Contra Animais,103,2492,2595
01/10/2007 a 31/10/2007,Racismo,265,1448,1713
01/10/2007 a 31/10/2007,Pornografia Infantil,3210,15329,18539
01/10/2007 a 31/10/2007,Violência ou Discriminação contra Mulheres,0,0,0
01/10/2007 a 31/10/2007,Xenofobia,91,662,753
,,,,
01/11/2007 a 30/11/2007,Não classificado,0,0,0
01/11/2007 a 30/11/2007,Homofobia,139,562,701
01/11/2007 a 30/11/2007,Neo Nazismo,363,2500,2863
01/11/2007 a 30/11/2007,Tráfico de Pessoas,0,0,0
01/11/2007 a 30/11/2007,Apologia e Incitação a crimes contra a Vida,1490,19973,21463
01/11/2007 a 30/11/2007,Intolerância Religiosa,681,7329,8010
01/11/2007 a 30/11/2007,Maus Tratos Contra Animais,152,4151,4303
01/11/2007 a 30/11/2007,Racismo,282,2247,2529
01/11/2007 a 30/11/2007,Pornografia Infantil,3958,14707,18665
01/11/2007 a 30/11/2007,Violência ou Discriminação contra Mulheres,0,0,0
01/11/2007 a 30/11/2007,Xenofobia,219,1206,1425
,,,,
01/12/2007 a 31/12/2007,Não classificado,0,0,0
01/12/2007 a 31/12/2007,Homofobia,193,693,886
01/12/2007 a 31/12/2007,Neo Nazismo,198,1646,1844
01/12/2007 a 31/12/2007,Tráfico de Pessoas,0,0,0
01/12/2007 a 31/12/2007,Apologia e Incitação a crimes contra a Vida,857,13205,14062
01/12/2007 a 31/12/2007,Intolerância Religiosa,245,4514,4759
01/12/2007 a 31/12/2007,Maus Tratos Contra Animais,120,1617,1737
01/12/2007 a 31/12/2007,Racismo,204,1135,1339
01/12/2007 a 31/12/2007,Pornografia Infantil,3278,12419,15697
01/12/2007 a 31/12/2007,Violência ou Discriminação contra Mulheres,0,0,0
01/12/2007 a 31/12/2007,Xenofobia,119,320,439
,,,,
01/01/2008 a 31/01/2008,Não classificado,0,0,0
01/01/2008 a 31/01/2008,Homofobia,132,709,841
01/01/2008 a 31/01/2008,Neo Nazismo,320,2634,2954
01/01/2008 a 31/01/2008,Tráfico de Pessoas,0,0,0
01/01/2008 a 31/01/2008,Apologia e Incitação a crimes contra a Vida,1444,13947,15391
01/01/2008 a 31/01/2008,Intolerância Religiosa,280,3788,4068
01/01/2008 a 31/01/2008,Maus Tratos Contra Animais,119,2246,2365
01/01/2008 a 31/01/2008,Racismo,299,2577,2876
01/01/2008 a 31/01/2008,Pornografia Infantil,3706,11678,15384
01/01/2008 a 31/01/2008,Violência ou Discriminação contra Mulheres,0,0,0
01/01/2008 a 31/01/2008,Xenofobia,92,616,708
,,,,
01/02/2008 a 29/02/2008,Não classificado,0,0,0
01/02/2008 a 29/02/2008,Homofobia,148,433,581
01/02/2008 a 29/02/2008,Neo Nazismo,229,3909,4138
01/02/2008 a 29/02/2008,Tráfico de Pessoas,0,0,0
01/02/2008 a 29/02/2008,Apologia e Incitação a crimes contra a Vida,1619,10431,12050
01/02/2008 a 29/02/2008,Intolerância Religiosa,177,2262,2439
01/02/2008 a 29/02/2008,Maus Tratos Contra Animais,106,2084,2190
01/02/2008 a 29/02/2008,Racismo,171,1039,1210
01/02/2008 a 29/02/2008,Pornografia Infantil,4038,11246,15284
01/02/2008 a 29/02/2008,Violência ou Discriminação contra Mulheres,0,0,0
01/02/2008 a 29/02/2008,Xenofobia,75,801,876
,,,,
01/03/2008 a 31/03/2008,Não classificado,0,0,0
01/03/2008 a 31/03/2008,Homofobia,76,596,672
01/03/2008 a 31/03/2008,Neo Nazismo,279,5637,5916
01/03/2008 a 31/03/2008,Tráfico de Pessoas,2,0,2
01/03/2008 a 31/03/2008,Apologia e Incitação a crimes contra a Vida,933,7889,8822
01/03/2008 a 31/03/2008,Intolerância Religiosa,132,2579,2711
01/03/2008 a 31/03/2008,Maus Tratos Contra Animais,194,2782,2976
01/03/2008 a 31/03/2008,Racismo,150,942,1092
01/03/2008 a 31/03/2008,Pornografia Infantil,4258,13692,17950
01/03/2008 a 31/03/2008,Violência ou Discriminação contra Mulheres,0,0,0
01/03/2008 a 31/03/2008,Xenofobia,94,960,1054
,,,,
01/04/2008 a 30/04/2008,Não classificado,0,0,0
01/04/2008 a 30/04/2008,Homofobia,67,432,499
01/04/2008 a 30/04/2008,Neo Nazismo,309,3667,3976
01/04/2008 a 30/04/2008,Tráfico de Pessoas,0,0,0
01/04/2008 a 30/04/2008,Apologia e Incitação a crimes contra a Vida,1488,10603,12091
01/04/2008 a 30/04/2008,Intolerância Religiosa,149,2701,2850
01/04/2008 a 30/04/2008,Maus Tratos Contra Animais,130,2091,2221
01/04/2008 a 30/04/2008,Racismo,172,903,1075
01/04/2008 a 30/04/2008,Pornografia Infantil,4404,14941,19345
01/04/2008 a 30/04/2008,Violência ou Discriminação contra Mulheres,0,0,0
01/04/2008 a 30/04/2008,Xenofobia,132,938,1070
,,,,
01/05/2008 a 31/05/2008,Não classificado,0,0,0
01/05/2008 a 31/05/2008,Homofobia,75,759,834
01/05/2008 a 31/05/2008,Neo Nazismo,342,4830,5172
01/05/2008 a 31/05/2008,Tráfico de Pessoas,0,0,0
01/05/2008 a 31/05/2008,Apologia e Incitação a crimes contra a Vida,1625,10171,11796
01/05/2008 a 31/05/2008,Intolerância Religiosa,246,3447,3693
01/05/2008 a 31/05/2008,Maus Tratos Contra Animais,122,3407,3529
01/05/2008 a 31/05/2008,Racismo,323,1687,2010
01/05/2008 a 31/05/2008,Pornografia Infantil,5009,22207,27216
01/05/2008 a 31/05/2008,Violência ou Discriminação contra Mulheres,0,0,0
01/05/2008 a 31/05/2008,Xenofobia,112,1514,1626
,,,,
01/06/2008 a 30/06/2008,Não classificado,0,0,0
01/06/2008 a 30/06/2008,Homofobia,128,459,587
01/06/2008 a 30/06/2008,Neo Nazismo,420,4502,4922
01/06/2008 a 30/06/2008,Tráfico de Pessoas,1,0,1
01/06/2008 a 30/06/2008,Apologia e Incitação a crimes contra a Vida,1963,8397,10360
01/06/2008 a 30/06/2008,Intolerância Religiosa,389,6178,6567
01/06/2008 a 30/06/2008,Maus Tratos Contra Animais,449,3508,3957
01/06/2008 a 30/06/2008,Racismo,305,2297,2602
01/06/2008 a 30/06/2008,Pornografia Infantil,6587,33058,39645
01/06/2008 a 30/06/2008,Violência ou Discriminação contra Mulheres,0,0,0
01/06/2008 a 30/06/2008,Xenofobia,237,1400,1637
,,,,
01/07/2008 a 31/07/2008,Não classificado,0,0,0
01/07/2008 a 31/07/2008,Homofobia,480,680,1160
01/07/2008 a 31/07/2008,Neo Nazismo,485,5481,5966
01/07/2008 a 31/07/2008,Tráfico de Pessoas,0,0,0
01/07/2008 a 31/07/2008,Apologia e Incitação a crimes contra a Vida,1817,9799,11616
01/07/2008 a 31/07/2008,Intolerância Religiosa,327,11907,12234
01/07/2008 a 31/07/2008,Maus Tratos Contra Animais,281,5049,5330
01/07/2008 a 31/07/2008,Racismo,283,2203,2486
01/07/2008 a 31/07/2008,Pornografia Infantil,6031,26995,33026
01/07/2008 a 31/07/2008,Violência ou Discriminação contra Mulheres,0,0,0
01/07/2008 a 31/07/2008,Xenofobia,598,1734,2332
,,,,
01/08/2008 a 31/08/2008,Não classificado,0,0,0
01/08/2008 a 31/08/2008,Homofobia,66,429,495
01/08/2008 a 31/08/2008,Neo Nazismo,429,4729,5158
01/08/2008 a 31/08/2008,Tráfico de Pessoas,0,0,0
01/08/2008 a 31/08/2008,Apologia e Incitação a crimes contra a Vida,1334,8869,10203
01/08/2008 a 31/08/2008,Intolerância Religiosa,458,8890,9348
01/08/2008 a 31/08/2008,Maus Tratos Contra Animais,164,2611,2775
01/08/2008 a 31/08/2008,Racismo,329,2074,2403
01/08/2008 a 31/08/2008,Pornografia Infantil,4061,23407,27468
01/08/2008 a 31/08/2008,Violência ou Discriminação contra Mulheres,0,0,0
01/08/2008 a 31/08/2008,Xenofobia,464,890,1354
,,,,
01/09/2008 a 30/09/2008,Não classificado,0,0,0
01/09/2008 a 30/09/2008,Homofobia,41,477,518
01/09/2008 a 30/09/2008,Neo Nazismo,518,4472,4990
01/09/2008 a 30/09/2008,Tráfico de Pessoas,0,0,0
01/09/2008 a 30/09/2008,Apologia e Incitação a crimes contra a Vida,1340,8010,9350
01/09/2008 a 30/09/2008,Intolerância Religiosa,150,6185,6335
01/09/2008 a 30/09/2008,Maus Tratos Contra Animais,82,2572,2654
01/09/2008 a 30/09/2008,Racismo,167,3024,3191
01/09/2008 a 30/09/2008,Pornografia Infantil,4283,22269,26552
01/09/2008 a 30/09/2008,Violência ou Discriminação contra Mulheres,0,0,0
01/09/2008 a 30/09/2008,Xenofobia,460,1336,1796
,,,,
01/10/2008 a 31/10/2008,Não classificado,0,0,0
01/10/2008 a 31/10/2008,Homofobia,69,661,730
01/10/2008 a 31/10/2008,Neo Nazismo,365,2961,3326
01/10/2008 a 31/10/2008,Tráfico de Pessoas,0,0,0
01/10/2008 a 31/10/2008,Apologia e Incitação a crimes contra a Vida,1402,4202,5604
01/10/2008 a 31/10/2008,Intolerância Religiosa,218,5049,5267
01/10/2008 a 31/10/2008,Maus Tratos Contra Animais,154,1947,2101
01/10/2008 a 31/10/2008,Racismo,237,1445,1682
01/10/2008 a 31/10/2008,Pornografia Infantil,5621,20130,25751
01/10/2008 a 31/10/2008,Violência ou Discriminação contra Mulheres,0,0,0
01/10/2008 a 31/10/2008,Xenofobia,205,1566,1771
,,,,
01/11/2008 a 30/11/2008,Não classificado,0,0,0
01/11/2008 a 30/11/2008,Homofobia,196,576,772
01/11/2008 a 30/11/2008,Neo Nazismo,464,4227,4691
01/11/2008 a 30/11/2008,Tráfico de Pessoas,0,0,0
01/11/2008 a 30/11/2008,Apologia e Incitação a crimes contra a Vida,1036,3932,4968
01/11/2008 a 30/11/2008,Intolerância Religiosa,205,6079,6284
01/11/2008 a 30/11/2008,Maus Tratos Contra Animais,216,2347,2563
01/11/2008 a 30/11/2008,Racismo,290,2212,2502
01/11/2008 a 30/11/2008,Pornografia Infantil,5072,24062,29134
01/11/2008 a 30/11/2008,Violência ou Discriminação contra Mulheres,0,0,0
01/11/2008 a 30/11/2008,Xenofobia,115,1125,1240
,,,,
01/12/2008 a 31/12/2008,Não classificado,0,0,0
01/12/2008 a 31/12/2008,Homofobia,91,450,541
01/12/2008 a 31/12/2008,Neo Nazismo,137,2570,2707
01/12/2008 a 31/12/2008,Tráfico de Pessoas,0,0,0
01/12/2008 a 31/12/2008,Apologia e Incitação a crimes contra a Vida,918,3980,4898
01/12/2008 a 31/12/2008,Intolerância Religiosa,120,3342,3462
01/12/2008 a 31/12/2008,Maus Tratos Contra Animais,121,1632,1753
01/12/2008 a 31/12/2008,Racismo,218,1904,2122
01/12/2008 a 31/12/2008,Pornografia Infantil,4542,11908,16450
01/12/2008 a 31/12/2008,Violência ou Discriminação contra Mulheres,0,0,0
01/12/2008 a 31/12/2008,Xenofobia,134,1366,1500
,,,,
01/01/2009 a 31/01/2009,Não classificado,0,0,0
01/01/2009 a 31/01/2009,Homofobia,197,432,629
01/01/2009 a 31/01/2009,Neo Nazismo,394,2938,3332
01/01/2009 a 31/01/2009,Tráfico de Pessoas,0,0,0
01/01/2009 a 31/01/2009,Apologia e Incitação a crimes contra a Vida,919,5366,6285
01/01/2009 a 31/01/2009,Intolerância Religiosa,230,3599,3829
01/01/2009 a 31/01/2009,Maus Tratos Contra Animais,197,2383,2580
01/01/2009 a 31/01/2009,Racismo,333,2144,2477
01/01/2009 a 31/01/2009,Pornografia Infantil,3823,10545,14368
01/01/2009 a 31/01/2009,Violência ou Discriminação contra Mulheres,0,0,0
01/01/2009 a 31/01/2009,Xenofobia,215,1427,1642
,,,,
01/02/2009 a 28/02/2009,Não classificado,0,0,0
01/02/2009 a 28/02/2009,Homofobia,142,1061,1203
01/02/2009 a 28/02/2009,Neo Nazismo,590,4828,5418
01/02/2009 a 28/02/2009,Tráfico de Pessoas,2,0,2
01/02/2009 a 28/02/2009,Apologia e Incitação a crimes contra a Vida,1565,10277,11842
01/02/2009 a 28/02/2009,Intolerância Religiosa,537,7332,7869
01/02/2009 a 28/02/2009,Maus Tratos Contra Animais,402,4414,4816
01/02/2009 a 28/02/2009,Racismo,593,4448,5041
01/02/2009 a 28/02/2009,Pornografia Infantil,5145,24728,29873
01/02/2009 a 28/02/2009,Violência ou Discriminação contra Mulheres,0,0,0
01/02/2009 a 28/02/2009,Xenofobia,290,2947,3237
,,,,
01/03/2009 a 31/03/2009,Não classificado,0,0,0
01/03/2009 a 31/03/2009,Homofobia,189,1387,1576
01/03/2009 a 31/03/2009,Neo Nazismo,508,6159,6667
01/03/2009 a 31/03/2009,Tráfico de Pessoas,2,0,2
01/03/2009 a 31/03/2009,Apologia e Incitação a crimes contra a Vida,1764,14147,15911
01/03/2009 a 31/03/2009,Intolerância Religiosa,399,12512,12911
01/03/2009 a 31/03/2009,Maus Tratos Contra Animais,187,5629,5816
01/03/2009 a 31/03/2009,Racismo,239,4263,4502
01/03/2009 a 31/03/2009,Pornografia Infantil,5385,33138,38523
01/03/2009 a 31/03/2009,Violência ou Discriminação contra Mulheres,0,0,0
01/03/2009 a 31/03/2009,Xenofobia,282,4559,4841
,,,,
01/04/2009 a 30/04/2009,Não classificado,0,0,0
01/04/2009 a 30/04/2009,Homofobia,157,1984,2141
01/04/2009 a 30/04/2009,Neo Nazismo,218,6362,6580
01/04/2009 a 30/04/2009,Tráfico de Pessoas,2,0,2
01/04/2009 a 30/04/2009,Apologia e Incitação a crimes contra a Vida,2073,15176,17249
01/04/2009 a 30/04/2009,Intolerância Religiosa,377,9007,9384
01/04/2009 a 30/04/2009,Maus Tratos Contra Animais,125,5737,5862
01/04/2009 a 30/04/2009,Racismo,264,5241,5505
01/04/2009 a 30/04/2009,Pornografia Infantil,4241,33480,37721
01/04/2009 a 30/04/2009,Violência ou Discriminação contra Mulheres,0,0,0
01/04/2009 a 30/04/2009,Xenofobia,187,5100,5287
,,,,
01/05/2009 a 31/05/2009,Não classificado,0,0,0
01/05/2009 a 31/05/2009,Homofobia,159,1902,2061
01/05/2009 a 31/05/2009,Neo Nazismo,337,7089,7426
01/05/2009 a 31/05/2009,Tráfico de Pessoas,2,0,2
01/05/2009 a 31/05/2009,Apologia e Incitação a crimes contra a Vida,2386,22954,25340
01/05/2009 a 31/05/2009,Intolerância Religiosa,367,8962,9329
01/05/2009 a 31/05/2009,Maus Tratos Contra Animais,111,7005,7116
01/05/2009 a 31/05/2009,Racismo,234,4206,4440
01/05/2009 a 31/05/2009,Pornografia Infantil,3467,35534,39001
01/05/2009 a 31/05/2009,Violência ou Discriminação contra Mulheres,0,0,0
01/05/2009 a 31/05/2009,Xenofobia,394,6641,7035
,,,,
01/06/2009 a 30/06/2009,Não classificado,0,0,0
01/06/2009 a 30/06/2009,Homofobia,281,2572,2853
01/06/2009 a 30/06/2009,Neo Nazismo,371,5560,5931
01/06/2009 a 30/06/2009,Tráfico de Pessoas,3,0,3
01/06/2009 a 30/06/2009,Apologia e Incitação a crimes contra a Vida,1679,20976,22655
01/06/2009 a 30/06/2009,Intolerância Religiosa,344,7041,7385
01/06/2009 a 30/06/2009,Maus Tratos Contra Animais,138,6255,6393
01/06/2009 a 30/06/2009,Racismo,219,4565,4784
01/06/2009 a 30/06/2009,Pornografia Infantil,3110,22583,25693
01/06/2009 a 30/06/2009,Violência ou Discriminação contra Mulheres,0,0,0
01/06/2009 a 30/06/2009,Xenofobia,495,5719,6214
,,,,
01/07/2009 a 31/07/2009,Não classificado,0,0,0
01/07/2009 a 31/07/2009,Homofobia,148,1446,1594
01/07/2009 a 31/07/2009,Neo Nazismo,302,3116,3418
01/07/2009 a 31/07/2009,Tráfico de Pessoas,0,0,0
01/07/2009 a 31/07/2009,Apologia e Incitação a crimes contra a Vida,1766,7954,9720
01/07/2009 a 31/07/2009,Intolerância Religiosa,391,4626,5017
01/07/2009 a 31/07/2009,Maus Tratos Contra Animais,134,3278,3412
01/07/2009 a 31/07/2009,Racismo,246,2505,2751
01/07/2009 a 31/07/2009,Pornografia Infantil,3255,14710,17965
01/07/2009 a 31/07/2009,Violência ou Discriminação contra Mulheres,0,0,0
01/07/2009 a 31/07/2009,Xenofobia,818,2709,3527
,,,,
01/08/2009 a 31/08/2009,Não classificado,0,0,0
01/08/2009 a 31/08/2009,Homofobia,141,662,803
01/08/2009 a 31/08/2009,Neo Nazismo,368,3718,4086
01/08/2009 a 31/08/2009,Tráfico de Pessoas,2,0,2
01/08/2009 a 31/08/2009,Apologia e Incitação a crimes contra a Vida,1739,6713,8452
01/08/2009 a 31/08/2009,Intolerância Religiosa,201,3453,3654
01/08/2009 a 31/08/2009,Maus Tratos Contra Animais,93,2347,2440
01/08/2009 a 31/08/2009,Racismo,195,1628,1823
01/08/2009 a 31/08/2009,Pornografia Infantil,3999,13222,17221
01/08/2009 a 31/08/2009,Violência ou Discriminação contra Mulheres,0,0,0
01/08/2009 a 31/08/2009,Xenofobia,535,2068,2603
,,,,
01/09/2009 a 30/09/2009,Não classificado,0,0,0
01/09/2009 a 30/09/2009,Homofobia,181,910,1091
01/09/2009 a 30/09/2009,Neo Nazismo,656,4967,5623
01/09/2009 a 30/09/2009,Tráfico de Pessoas,6,0,6
01/09/2009 a 30/09/2009,Apologia e Incitação a crimes contra a Vida,2048,6959,9007
01/09/2009 a 30/09/2009,Intolerância Religiosa,416,2441,2857
01/09/2009 a 30/09/2009,Maus Tratos Contra Animais,143,2359,2502
01/09/2009 a 30/09/2009,Racismo,327,1874,2201
01/09/2009 a 30/09/2009,Pornografia Infantil,3443,13378,16821
01/09/2009 a 30/09/2009,Violência ou Discriminação contra Mulheres,0,0,0
01/09/2009 a 30/09/2009,Xenofobia,279,1391,1670
,,,,
01/10/2009 a 31/10/2009,Não classificado,0,0,0
01/10/2009 a 31/10/2009,Homofobia,298,1029,1327
01/10/2009 a 31/10/2009,Neo Nazismo,290,5023,5313
01/10/2009 a 31/10/2009,Tráfico de Pessoas,3,0,3
01/10/2009 a 31/10/2009,Apologia e Incitação a crimes contra a Vida,1995,7920,9915
01/10/2009 a 31/10/2009,Intolerância Religiosa,389,4236,4625
01/10/2009 a 31/10/2009,Maus Tratos Contra Animais,52,2507,2559
01/10/2009 a 31/10/2009,Racismo,265,2603,2868
01/10/2009 a 31/10/2009,Pornografia Infantil,3027,9564,12591
01/10/2009 a 31/10/2009,Violência ou Discriminação contra Mulheres,0,0,0
01/10/2009 a 31/10/2009,Xenofobia,259,2024,2283
,,,,
01/11/2009 a 30/11/2009,Não classificado,0,0,0
01/11/2009 a 30/11/2009,Homofobia,276,989,1265
01/11/2009 a 30/11/2009,Neo Nazismo,225,3560,3785
01/11/2009 a 30/11/2009,Tráfico de Pessoas,1,0,1
01/11/2009 a 30/11/2009,Apologia e Incitação a crimes contra a Vida,1337,5431,6768
01/11/2009 a 30/11/2009,Intolerância Religiosa,302,2754,3056
01/11/2009 a 30/11/2009,Maus Tratos Contra Animais,82,1562,1644
01/11/2009 a 30/11/2009,Racismo,481,3024,3505
01/11/2009 a 30/11/2009,Pornografia Infantil,3560,9500,13060
01/11/2009 a 30/11/2009,Violência ou Discriminação contra Mulheres,0,0,0
01/11/2009 a 30/11/2009,Xenofobia,335,1836,2171
,,,,
01/12/2009 a 31/12/2009,Não classificado,0,0,0
01/12/2009 a 31/12/2009,Homofobia,305,1464,1769
01/12/2009 a 31/12/2009,Neo Nazismo,160,3112,3272
01/12/2009 a 31/12/2009,Tráfico de Pessoas,1,0,1
01/12/2009 a 31/12/2009,Apologia e Incitação a crimes contra a Vida,1424,5542,6966
01/12/2009 a 31/12/2009,Intolerância Religiosa,157,2645,2802
01/12/2009 a 31/12/2009,Maus Tratos Contra Animais,66,1997,2063
01/12/2009 a 31/12/2009,Racismo,334,1809,2143
01/12/2009 a 31/12/2009,Pornografia Infantil,2712,6981,9693
01/12/2009 a 31/12/2009,Violência ou Discriminação contra Mulheres,0,0,0
01/12/2009 a 31/12/2009,Xenofobia,401,1639,2040
,,,,
01/01/2010 a 31/01/2010,Não classificado,0,0,0
01/01/2010 a 31/01/2010,Homofobia,381,1428,1809
01/01/2010 a 31/01/2010,Neo Nazismo,318,3693,4011
01/01/2010 a 31/01/2010,Tráfico de Pessoas,0,0,0
01/01/2010 a 31/01/2010,Apologia e Incitação a crimes contra a Vida,1104,5171,6275
01/01/2010 a 31/01/2010,Intolerância Religiosa,153,2365,2518
01/01/2010 a 31/01/2010,Maus Tratos Contra Animais,127,2165,2292
01/01/2010 a 31/01/2010,Racismo,320,1505,1825
01/01/2010 a 31/01/2010,Pornografia Infantil,2844,11851,14695
01/01/2010 a 31/01/2010,Violência ou Discriminação contra Mulheres,0,0,0
01/01/2010 a 31/01/2010,Xenofobia,477,2119,2596
,,,,
01/02/2010 a 28/02/2010,Não classificado,0,0,0
01/02/2010 a 28/02/2010,Homofobia,184,701,885
01/02/2010 a 28/02/2010,Neo Nazismo,164,1969,2133
01/02/2010 a 28/02/2010,Tráfico de Pessoas,0,0,0
01/02/2010 a 28/02/2010,Apologia e Incitação a crimes contra a Vida,818,2644,3462
01/02/2010 a 28/02/2010,Intolerância Religiosa,76,1246,1322
01/02/2010 a 28/02/2010,Maus Tratos Contra Animais,59,771,830
01/02/2010 a 28/02/2010,Racismo,298,1125,1423
01/02/2010 a 28/02/2010,Pornografia Infantil,2472,5873,8345
01/02/2010 a 28/02/2010,Violência ou Discriminação contra Mulheres,0,0,0
01/02/2010 a 28/02/2010,Xenofobia,119,918,1037
,,,,
01/03/2010 a 31/03/2010,Não classificado,0,0,0
01/03/2010 a 31/03/2010,Homofobia,238,1258,1496
01/03/2010 a 31/03/2010,Neo Nazismo,216,2413,2629
01/03/2010 a 31/03/2010,Tráfico de Pessoas,17,7,24
01/03/2010 a 31/03/2010,Apologia e Incitação a crimes contra a Vida,1387,5538,6925
01/03/2010 a 31/03/2010,Intolerância Religiosa,138,2236,2374
01/03/2010 a 31/03/2010,Maus Tratos Contra Animais,177,1402,1579
01/03/2010 a 31/03/2010,Racismo,308,1320,1628
01/03/2010 a 31/03/2010,Pornografia Infantil,2897,11324,14221
01/03/2010 a 31/03/2010,Violência ou Discriminação contra Mulheres,0,0,0
01/03/2010 a 31/03/2010,Xenofobia,188,1379,1567
,,,,
01/04/2010 a 30/04/2010,Não classificado,0,0,0
01/04/2010 a 30/04/2010,Homofobia,760,1883,2643
01/04/2010 a 30/04/2010,Neo Nazismo,249,2188,2437
01/04/2010 a 30/04/2010,Tráfico de Pessoas,41,37,78
01/04/2010 a 30/04/2010,Apologia e Incitação a crimes contra a Vida,982,3831,4813
01/04/2010 a 30/04/2010,Intolerância Religiosa,99,1845,1944
01/04/2010 a 30/04/2010,Maus Tratos Contra Animais,190,934,1124
01/04/2010 a 30/04/2010,Racismo,255,915,1170
01/04/2010 a 30/04/2010,Pornografia Infantil,6636,12168,18804
01/04/2010 a 30/04/2010,Violência ou Discriminação contra Mulheres,0,0,0
01/04/2010 a 30/04/2010,Xenofobia,446,1061,1507
,,,,
01/05/2010 a 31/05/2010,Não classificado,0,0,0
01/05/2010 a 31/05/2010,Homofobia,792,1299,2091
01/05/2010 a 31/05/2010,Neo Nazismo,398,1747,2145
01/05/2010 a 31/05/2010,Tráfico de Pessoas,37,36,73
01/05/2010 a 31/05/2010,Apologia e Incitação a crimes contra a Vida,1364,3081,4445
01/05/2010 a 31/05/2010,Intolerância Religiosa,182,1548,1730
01/05/2010 a 31/05/2010,Maus Tratos Contra Animais,295,1017,1312
01/05/2010 a 31/05/2010,Racismo,246,897,1143
01/05/2010 a 31/05/2010,Pornografia Infantil,3588,14135,17723
01/05/2010 a 31/05/2010,Violência ou Discriminação contra Mulheres,0,0,0
01/05/2010 a 31/05/2010,Xenofobia,346,878,1224
,,,,
01/06/2010 a 30/06/2010,Não classificado,0,0,0
01/06/2010 a 30/06/2010,Homofobia,809,934,1743
01/06/2010 a 30/06/2010,Neo Nazismo,177,1250,1427
01/06/2010 a 30/06/2010,Tráfico de Pessoas,40,75,115
01/06/2010 a 30/06/2010,Apologia e Incitação a crimes contra a Vida,1288,3283,4571
01/06/2010 a 30/06/2010,Intolerância Religiosa,167,1405,1572
01/06/2010 a 30/06/2010,Maus Tratos Contra Animais,435,1936,2371
01/06/2010 a 30/06/2010,Racismo,315,894,1209
01/06/2010 a 30/06/2010,Pornografia Infantil,2298,8288,10586
01/06/2010 a 30/06/2010,Violência ou Discriminação contra Mulheres,0,0,0
01/06/2010 a 30/06/2010,Xenofobia,785,833,1618
,,,,
01/07/2010 a 31/07/2010,Não classificado,0,0,0
01/07/2010 a 31/07/2010,Homofobia,804,962,1766
01/07/2010 a 31/07/2010,Neo Nazismo,159,1167,1326
01/07/2010 a 31/07/2010,Tráfico de Pessoas,40,35,75
01/07/2010 a 31/07/2010,Apologia e Incitação a crimes contra a Vida,996,3038,4034
01/07/2010 a 31/07/2010,Intolerância Religiosa,94,1088,1182
01/07/2010 a 31/07/2010,Maus Tratos Contra Animais,278,1085,1363
01/07/2010 a 31/07/2010,Racismo,771,2376,3147
01/07/2010 a 31/07/2010,Pornografia Infantil,2640,8276,10916
01/07/2010 a 31/07/2010,Violência ou Discriminação contra Mulheres,0,0,0
01/07/2010 a 31/07/2010,Xenofobia,799,1387,2186
,,,,
01/08/2010 a 31/08/2010,Não classificado,0,0,0
01/08/2010 a 31/08/2010,Homofobia,686,1638,2324
01/08/2010 a 31/08/2010,Neo Nazismo,301,1752,2053
01/08/2010 a 31/08/2010,Tráfico de Pessoas,137,193,330
01/08/2010 a 31/08/2010,Apologia e Incitação a crimes contra a Vida,1275,3992,5267
01/08/2010 a 31/08/2010,Intolerância Religiosa,131,1399,1530
01/08/2010 a 31/08/2010,Maus Tratos Contra Animais,164,981,1145
01/08/2010 a 31/08/2010,Racismo,352,1290,1642
01/08/2010 a 31/08/2010,Pornografia Infantil,5977,33635,39612
01/08/2010 a 31/08/2010,Violência ou Discriminação contra Mulheres,0,0,0
01/08/2010 a 31/08/2010,Xenofobia,721,1983,2704
,,,,
01/09/2010 a 30/09/2010,Não classificado,0,0,0
01/09/2010 a 30/09/2010,Homofobia,421,868,1289
01/09/2010 a 30/09/2010,Neo Nazismo,157,1178,1335
01/09/2010 a 30/09/2010,Tráfico de Pessoas,64,308,372
01/09/2010 a 30/09/2010,Apologia e Incitação a crimes contra a Vida,885,2926,3811
01/09/2010 a 30/09/2010,Intolerância Religiosa,144,1794,1938
01/09/2010 a 30/09/2010,Maus Tratos Contra Animais,208,784,992
01/09/2010 a 30/09/2010,Racismo,328,1109,1437
01/09/2010 a 30/09/2010,Pornografia Infantil,3003,13682,16685
01/09/2010 a 30/09/2010,Violência ou Discriminação contra Mulheres,0,0,0
01/09/2010 a 30/09/2010,Xenofobia,359,1193,1552
,,,,
01/10/2010 a 31/10/2010,Não classificado,0,0,0
01/10/2010 a 31/10/2010,Homofobia,438,992,1430
01/10/2010 a 31/10/2010,Neo Nazismo,121,733,854
01/10/2010 a 31/10/2010,Tráfico de Pessoas,43,203,246
01/10/2010 a 31/10/2010,Apologia e Incitação a crimes contra a Vida,1149,3168,4317
01/10/2010 a 31/10/2010,Intolerância Religiosa,129,1571,1700
01/10/2010 a 31/10/2010,Maus Tratos Contra Animais,85,450,535
01/10/2010 a 31/10/2010,Racismo,317,1321,1638
01/10/2010 a 31/10/2010,Pornografia Infantil,2511,8777,11288
01/10/2010 a 31/10/2010,Violência ou Discriminação contra Mulheres,0,0,0
01/10/2010 a 31/10/2010,Xenofobia,552,1059,1611
,,,,
01/11/2010 a 30/11/2010,Não classificado,0,0,0
01/11/2010 a 30/11/2010,Homofobia,939,4913,5852
01/11/2010 a 30/11/2010,Neo Nazismo,149,1452,1601
01/11/2010 a 30/11/2010,Tráfico de Pessoas,67,206,273
01/11/2010 a 30/11/2010,Apologia e Incitação a crimes contra a Vida,1103,3510,4613
01/11/2010 a 30/11/2010,Intolerância Religiosa,104,1700,1804
01/11/2010 a 30/11/2010,Maus Tratos Contra Animais,163,1073,1236
01/11/2010 a 30/11/2010,Racismo,972,8475,9447
01/11/2010 a 30/11/2010,Pornografia Infantil,2228,9025,11253
01/11/2010 a 30/11/2010,Violência ou Discriminação contra Mulheres,0,0,0
01/11/2010 a 30/11/2010,Xenofobia,1730,4977,6707
,,,,
01/12/2010 a 31/12/2010,Não classificado,0,0,0
01/12/2010 a 31/12/2010,Homofobia,268,667,935
01/12/2010 a 31/12/2010,Neo Nazismo,91,616,707
01/12/2010 a 31/12/2010,Tráfico de Pessoas,32,193,225
01/12/2010 a 31/12/2010,Apologia e Incitação a crimes contra a Vida,705,2390,3095
01/12/2010 a 31/12/2010,Intolerância Religiosa,92,1455,1547
01/12/2010 a 31/12/2010,Maus Tratos Contra Animais,91,530,621
01/12/2010 a 31/12/2010,Racismo,412,6649,7061
01/12/2010 a 31/12/2010,Pornografia Infantil,1712,5449,7161
01/12/2010 a 31/12/2010,Violência ou Discriminação contra Mulheres,0,0,0
01/12/2010 a 31/12/2010,Xenofobia,236,658,894
,,,,
01/01/2011 a 31/01/2011,Não classificado,0,0,0
01/01/2011 a 31/01/2011,Homofobia,342,608,950
01/01/2011 a 31/01/2011,Neo Nazismo,90,630,720
01/01/2011 a 31/01/2011,Tráfico de Pessoas,22,64,86
01/01/2011 a 31/01/2011,Apologia e Incitação a crimes contra a Vida,584,1141,1725
01/01/2011 a 31/01/2011,Intolerância Religiosa,98,937,1035
01/01/2011 a 31/01/2011,Maus Tratos Contra Animais,93,694,787
01/01/2011 a 31/01/2011,Racismo,670,1959,2629
01/01/2011 a 31/01/2011,Pornografia Infantil,1841,4872,6713
01/01/2011 a 31/01/2011,Violência ou Discriminação contra Mulheres,1,0,1
01/01/2011 a 31/01/2011,Xenofobia,284,626,910
,,,,
01/02/2011 a 28/02/2011,Não classificado,0,0,0
01/02/2011 a 28/02/2011,Homofobia,581,1217,1798
01/02/2011 a 28/02/2011,Neo Nazismo,121,868,989
01/02/2011 a 28/02/2011,Tráfico de Pessoas,52,82,134
01/02/2011 a 28/02/2011,Apologia e Incitação a crimes contra a Vida,607,1580,2187
01/02/2011 a 28/02/2011,Intolerância Religiosa,177,1210,1387
01/02/2011 a 28/02/2011,Maus Tratos Contra Animais,114,967,1081
01/02/2011 a 28/02/2011,Racismo,483,988,1471
01/02/2011 a 28/02/2011,Pornografia Infantil,1808,6549,8357
01/02/2011 a 28/02/2011,Violência ou Discriminação contra Mulheres,0,0,0
01/02/2011 a 28/02/2011,Xenofobia,387,844,1231
,,,,
01/03/2011 a 31/03/2011,Não classificado,0,0,0
01/03/2011 a 31/03/2011,Homofobia,337,538,875
01/03/2011 a 31/03/2011,Neo Nazismo,147,469,616
01/03/2011 a 31/03/2011,Tráfico de Pessoas,37,44,81
01/03/2011 a 31/03/2011,Apologia e Incitação a crimes contra a Vida,395,979,1374
01/03/2011 a 31/03/2011,Intolerância Religiosa,114,734,848
01/03/2011 a 31/03/2011,Maus Tratos Contra Animais,61,534,595
01/03/2011 a 31/03/2011,Racismo,393,1269,1662
01/03/2011 a 31/03/2011,Pornografia Infantil,1749,3948,5697
01/03/2011 a 31/03/2011,Violência ou Discriminação contra Mulheres,0,0,0
01/03/2011 a 31/03/2011,Xenofobia,190,467,657
,,,,
01/04/2011 a 30/04/2011,Não classificado,0,0,0
01/04/2011 a 30/04/2011,Homofobia,372,608,980
01/04/2011 a 30/04/2011,Neo Nazismo,162,678,840
01/04/2011 a 30/04/2011,Tráfico de Pessoas,40,75,115
01/04/2011 a 30/04/2011,Apologia e Incitação a crimes contra a Vida,728,2249,2977
01/04/2011 a 30/04/2011,Intolerância Religiosa,101,657,758
01/04/2011 a 30/04/2011,Maus Tratos Contra Animais,87,438,525
01/04/2011 a 30/04/2011,Racismo,430,949,1379
01/04/2011 a 30/04/2011,Pornografia Infantil,2055,5833,7888
01/04/2011 a 30/04/2011,Violência ou Discriminação contra Mulheres,0,0,0
01/04/2011 a 30/04/2011,Xenofobia,263,605,868
,,,,
01/05/2011 a 31/05/2011,Não classificado,0,0,0
01/05/2011 a 31/05/2011,Homofobia,388,676,1064
01/05/2011 a 31/05/2011,Neo Nazismo,95,664,759
01/05/2011 a 31/05/2011,Tráfico de Pessoas,54,59,113
01/05/2011 a 31/05/2011,Apologia e Incitação a crimes contra a Vida,688,2392,3080
01/05/2011 a 31/05/2011,Intolerância Religiosa,95,1041,1136
01/05/2011 a 31/05/2011,Maus Tratos Contra Animais,162,893,1055
01/05/2011 a 31/05/2011,Racismo,1257,7294,8551
01/05/2011 a 31/05/2011,Pornografia Infantil,2401,5568,7969
01/05/2011 a 31/05/2011,Violência ou Discriminação contra Mulheres,0,0,0
01/05/2011 a 31/05/2011,Xenofobia,359,1468,1827
,,,,
01/06/2011 a 30/06/2011,Não classificado,0,0,0
01/06/2011 a 30/06/2011,Homofobia,342,870,1212
01/06/2011 a 30/06/2011,Neo Nazismo,194,535,729
01/06/2011 a 30/06/2011,Tráfico de Pessoas,52,59,111
01/06/2011 a 30/06/2011,Apologia e Incitação a crimes contra a Vida,556,1811,2367
01/06/2011 a 30/06/2011,Intolerância Religiosa,78,938,1016
01/06/2011 a 30/06/2011,Maus Tratos Contra Animais,163,1621,1784
01/06/2011 a 30/06/2011,Racismo,519,1919,2438
01/06/2011 a 30/06/2011,Pornografia Infantil,2082,10914,12996
01/06/2011 a 30/06/2011,Violência ou Discriminação contra Mulheres,0,0,0
01/06/2011 a 30/06/2011,Xenofobia,210,440,650
,,,,
01/07/2011 a 31/07/2011,Não classificado,0,0,0
01/07/2011 a 31/07/2011,Homofobia,269,431,700
01/07/2011 a 31/07/2011,Neo Nazismo,166,1378,1544
01/07/2011 a 31/07/2011,Tráfico de Pessoas,47,59,106
01/07/2011 a 31/07/2011,Apologia e Incitação a crimes contra a Vida,663,2128,2791
01/07/2011 a 31/07/2011,Intolerância Religiosa,80,997,1077
01/07/2011 a 31/07/2011,Maus Tratos Contra Animais,143,2448,2591
01/07/2011 a 31/07/2011,Racismo,479,1495,1974
01/07/2011 a 31/07/2011,Pornografia Infantil,2190,5412,7602
01/07/2011 a 31/07/2011,Violência ou Discriminação contra Mulheres,0,0,0
01/07/2011 a 31/07/2011,Xenofobia,264,492,756
,,,,
01/08/2011 a 31/08/2011,Não classificado,0,0,0
01/08/2011 a 31/08/2011,Homofobia,382,868,1250
01/08/2011 a 31/08/2011,Neo Nazismo,260,1149,1409
01/08/2011 a 31/08/2011,Tráfico de Pessoas,60,153,213
01/08/2011 a 31/08/2011,Apologia e Incitação a crimes contra a Vida,757,2422,3179
01/08/2011 a 31/08/2011,Intolerância Religiosa,98,1085,1183
01/08/2011 a 31/08/2011,Maus Tratos Contra Animais,313,859,1172
01/08/2011 a 31/08/2011,Racismo,540,1234,1774
01/08/2011 a 31/08/2011,Pornografia Infantil,2000,5730,7730
01/08/2011 a 31/08/2011,Violência ou Discriminação contra Mulheres,0,0,0
01/08/2011 a 31/08/2011,Xenofobia,470,765,1235
,,,,
01/09/2011 a 30/09/2011,Não classificado,0,0,0
01/09/2011 a 30/09/2011,Homofobia,425,1357,1782
01/09/2011 a 30/09/2011,Neo Nazismo,317,958,1275
01/09/2011 a 30/09/2011,Tráfico de Pessoas,43,171,214
01/09/2011 a 30/09/2011,Apologia e Incitação a crimes contra a Vida,779,2933,3712
01/09/2011 a 30/09/2011,Intolerância Religiosa,128,957,1085
01/09/2011 a 30/09/2011,Maus Tratos Contra Animais,160,738,898
01/09/2011 a 30/09/2011,Racismo,662,2893,3555
01/09/2011 a 30/09/2011,Pornografia Infantil,2243,9959,12202
01/09/2011 a 30/09/2011,Violência ou Discriminação contra Mulheres,0,0,0
01/09/2011 a 30/09/2011,Xenofobia,315,1162,1477
,,,,
01/10/2011 a 31/10/2011,Não classificado,0,0,0
01/10/2011 a 31/10/2011,Homofobia,435,930,1365
01/10/2011 a 31/10/2011,Neo Nazismo,120,732,852
01/10/2011 a 31/10/2011,Tráfico de Pessoas,63,78,141
01/10/2011 a 31/10/2011,Apologia e Incitação a crimes contra a Vida,737,2526,3263
01/10/2011 a 31/10/2011,Intolerância Religiosa,89,765,854
01/10/2011 a 31/10/2011,Maus Tratos Contra Animais,352,1075,1427
01/10/2011 a 31/10/2011,Racismo,826,3544,4370
01/10/2011 a 31/10/2011,Pornografia Infantil,2766,34953,37719
01/10/2011 a 31/10/2011,Violência ou Discriminação contra Mulheres,1,0,1
01/10/2011 a 31/10/2011,Xenofobia,681,1393,2074
,,,,
01/11/2011 a 30/11/2011,Não classificado,0,0,0
01/11/2011 a 30/11/2011,Homofobia,342,715,1057
01/11/2011 a 30/11/2011,Neo Nazismo,209,632,841
01/11/2011 a 30/11/2011,Tráfico de Pessoas,34,76,110
01/11/2011 a 30/11/2011,Apologia e Incitação a crimes contra a Vida,644,2980,3624
01/11/2011 a 30/11/2011,Intolerância Religiosa,142,611,753
01/11/2011 a 30/11/2011,Maus Tratos Contra Animais,447,4660,5107
01/11/2011 a 30/11/2011,Racismo,1140,10134,11274
01/11/2011 a 30/11/2011,Pornografia Infantil,2351,10806,13157
01/11/2011 a 30/11/2011,Violência ou Discriminação contra Mulheres,0,0,0
01/11/2011 a 30/11/2011,Xenofobia,462,481,943
,,,,
01/12/2011 a 31/12/2011,Não classificado,0,0,0
01/12/2011 a 31/12/2011,Homofobia,441,1292,1733
01/12/2011 a 31/12/2011,Neo Nazismo,290,1003,1293
01/12/2011 a 31/12/2011,Tráfico de Pessoas,37,188,225
01/12/2011 a 31/12/2011,Apologia e Incitação a crimes contra a Vida,677,7939,8616
01/12/2011 a 31/12/2011,Intolerância Religiosa,80,408,488
01/12/2011 a 31/12/2011,Maus Tratos Contra Animais,173,1798,1971
01/12/2011 a 31/12/2011,Racismo,2937,69252,72189
01/12/2011 a 31/12/2011,Pornografia Infantil,2424,6976,9400
01/12/2011 a 31/12/2011,Violência ou Discriminação contra Mulheres,0,0,0
01/12/2011 a 31/12/2011,Xenofobia,451,5207,5658
,,,,
01/01/2012 a 31/01/2012,Não classificado,0,0,0
01/01/2012 a 31/01/2012,Homofobia,255,379,634
01/01/2012 a 31/01/2012,Neo Nazismo,125,406,531
01/01/2012 a 31/01/2012,Tráfico de Pessoas,45,30,75
01/01/2012 a 31/01/2012,Apologia e Incitação a crimes contra a Vida,517,958,1475
01/01/2012 a 31/01/2012,Intolerância Religiosa,77,164,241
01/01/2012 a 31/01/2012,Maus Tratos Contra Animais,119,182,301
01/01/2012 a 31/01/2012,Racismo,619,2243,2862
01/01/2012 a 31/01/2012,Pornografia Infantil,1812,4977,6789
01/01/2012 a 31/01/2012,Violência ou Discriminação contra Mulheres,0,0,0
01/01/2012 a 31/01/2012,Xenofobia,258,216,474
,,,,
01/02/2012 a 29/02/2012,Não classificado,0,0,0
01/02/2012 a 29/02/2012,Homofobia,274,859,1133
01/02/2012 a 29/02/2012,Neo Nazismo,42,421,463
01/02/2012 a 29/02/2012,Tráfico de Pessoas,48,77,125
01/02/2012 a 29/02/2012,Apologia e Incitação a crimes contra a Vida,384,1490,1874
01/02/2012 a 29/02/2012,Intolerância Religiosa,70,230,300
01/02/2012 a 29/02/2012,Maus Tratos Contra Animais,111,281,392
01/02/2012 a 29/02/2012,Racismo,973,9106,10079
01/02/2012 a 29/02/2012,Pornografia Infantil,1567,3871,5438
01/02/2012 a 29/02/2012,Violência ou Discriminação contra Mulheres,0,0,0
01/02/2012 a 29/02/2012,Xenofobia,169,254,423
,,,,
01/03/2012 a 31/03/2012,Não classificado,0,0,0
01/03/2012 a 31/03/2012,Homofobia,273,1197,1470
01/03/2012 a 31/03/2012,Neo Nazismo,77,409,486
01/03/2012 a 31/03/2012,Tráfico de Pessoas,52,28,80
01/03/2012 a 31/03/2012,Apologia e Incitação a crimes contra a Vida,604,1068,1672
01/03/2012 a 31/03/2012,Intolerância Religiosa,127,285,412
01/03/2012 a 31/03/2012,Maus Tratos Contra Animais,127,372,499
01/03/2012 a 31/03/2012,Racismo,955,2689,3644
01/03/2012 a 31/03/2012,Pornografia Infantil,1783,4721,6504
01/03/2012 a 31/03/2012,Violência ou Discriminação contra Mulheres,0,0,0
01/03/2012 a 31/03/2012,Xenofobia,149,207,356
,,,,
01/04/2012 a 30/04/2012,Não classificado,0,0,0
01/04/2012 a 30/04/2012,Homofobia,308,852,1160
01/04/2012 a 30/04/2012,Neo Nazismo,97,437,534
01/04/2012 a 30/04/2012,Tráfico de Pessoas,31,56,87
01/04/2012 a 30/04/2012,Apologia e Incitação a crimes contra a Vida,597,1161,1758
01/04/2012 a 30/04/2012,Intolerância Religiosa,100,353,453
01/04/2012 a 30/04/2012,Maus Tratos Contra Animais,131,182,313
01/04/2012 a 30/04/2012,Racismo,720,2644,3364
01/04/2012 a 30/04/2012,Pornografia Infantil,1670,3178,4848
01/04/2012 a 30/04/2012,Violência ou Discriminação contra Mulheres,0,0,0
01/04/2012 a 30/04/2012,Xenofobia,141,212,353
,,,,
01/05/2012 a 31/05/2012,Não classificado,0,0,0
01/05/2012 a 31/05/2012,Homofobia,224,497,721
01/05/2012 a 31/05/2012,Neo Nazismo,73,338,411
01/05/2012 a 31/05/2012,Tráfico de Pessoas,48,30,78
01/05/2012 a 31/05/2012,Apologia e Incitação a crimes contra a Vida,652,794,1446
01/05/2012 a 31/05/2012,Intolerância Religiosa,74,323,397
01/05/2012 a 31/05/2012,Maus Tratos Contra Animais,136,143,279
01/05/2012 a 31/05/2012,Racismo,762,2142,2904
01/05/2012 a 31/05/2012,Pornografia Infantil,2360,3792,6152
01/05/2012 a 31/05/2012,Violência ou Discriminação contra Mulheres,0,0,0
01/05/2012 a 31/05/2012,Xenofobia,197,311,508
,,,,
01/06/2012 a 30/06/2012,Não classificado,0,0,0
01/06/2012 a 30/06/2012,Homofobia,265,271,536
01/06/2012 a 30/06/2012,Neo Nazismo,75,248,323
01/06/2012 a 30/06/2012,Tráfico de Pessoas,46,22,68
01/06/2012 a 30/06/2012,Apologia e Incitação a crimes contra a Vida,637,560,1197
01/06/2012 a 30/06/2012,Intolerância Religiosa,103,333,436
01/06/2012 a 30/06/2012,Maus Tratos Contra Animais,183,474,657
01/06/2012 a 30/06/2012,Racismo,534,970,1504
01/06/2012 a 30/06/2012,Pornografia Infantil,1911,2766,4677
01/06/2012 a 30/06/2012,Violência ou Discriminação contra Mulheres,0,0,0
01/06/2012 a 30/06/2012,Xenofobia,176,253,429
,,,,
01/07/2012 a 31/07/2012,Não classificado,0,0,0
01/07/2012 a 31/07/2012,Homofobia,244,271,515
01/07/2012 a 31/07/2012,Neo Nazismo,100,191,291
01/07/2012 a 31/07/2012,Tráfico de Pessoas,57,124,181
01/07/2012 a 31/07/2012,Apologia e Incitação a crimes contra a Vida,1000,2287,3287
01/07/2012 a 31/07/2012,Intolerância Religiosa,139,313,452
01/07/2012 a 31/07/2012,Maus Tratos Contra Animais,617,1810,2427
01/07/2012 a 31/07/2012,Racismo,1103,3896,4999
01/07/2012 a 31/07/2012,Pornografia Infantil,2158,4053,6211
01/07/2012 a 31/07/2012,Violência ou Discriminação contra Mulheres,0,0,0
01/07/2012 a 31/07/2012,Xenofobia,242,306,548
,,,,
01/08/2012 a 31/08/2012,Não classificado,0,0,0
01/08/2012 a 31/08/2012,Homofobia,381,432,813
01/08/2012 a 31/08/2012,Neo Nazismo,164,248,412
01/08/2012 a 31/08/2012,Tráfico de Pessoas,111,54,165
01/08/2012 a 31/08/2012,Apologia e Incitação a crimes contra a Vida,826,2607,3433
01/08/2012 a 31/08/2012,Intolerância Religiosa,139,612,751
01/08/2012 a 31/08/2012,Maus Tratos Contra Animais,156,329,485
01/08/2012 a 31/08/2012,Racismo,1494,3633,5127
01/08/2012 a 31/08/2012,Pornografia Infantil,2252,5270,7522
01/08/2012 a 31/08/2012,Violência ou Discriminação contra Mulheres,0,0,0
01/08/2012 a 31/08/2012,Xenofobia,425,152,577
,,,,
01/09/2012 a 30/09/2012,Não classificado,0,0,0
01/09/2012 a 30/09/2012,Homofobia,360,301,661
01/09/2012 a 30/09/2012,Neo Nazismo,91,172,263
01/09/2012 a 30/09/2012,Tráfico de Pessoas,36,26,62
01/09/2012 a 30/09/2012,Apologia e Incitação a crimes contra a Vida,701,879,1580
01/09/2012 a 30/09/2012,Intolerância Religiosa,143,358,501
01/09/2012 a 30/09/2012,Maus Tratos Contra Animais,109,93,202
01/09/2012 a 30/09/2012,Racismo,1078,1499,2577
01/09/2012 a 30/09/2012,Pornografia Infantil,2025,3823,5848
01/09/2012 a 30/09/2012,Violência ou Discriminação contra Mulheres,0,0,0
01/09/2012 a 30/09/2012,Xenofobia,339,164,503
,,,,
01/10/2012 a 31/10/2012,Não classificado,0,0,0
01/10/2012 a 31/10/2012,Homofobia,423,466,889
01/10/2012 a 31/10/2012,Neo Nazismo,289,579,868
01/10/2012 a 31/10/2012,Tráfico de Pessoas,68,66,134
01/10/2012 a 31/10/2012,Apologia e Incitação a crimes contra a Vida,837,1027,1864
01/10/2012 a 31/10/2012,Intolerância Religiosa,242,494,736
01/10/2012 a 31/10/2012,Maus Tratos Contra Animais,171,290,461
01/10/2012 a 31/10/2012,Racismo,1573,4046,5619
01/10/2012 a 31/10/2012,Pornografia Infantil,2763,4491,7254
01/10/2012 a 31/10/2012,Violência ou Discriminação contra Mulheres,0,0,0
01/10/2012 a 31/10/2012,Xenofobia,599,865,1464
,,,,
01/11/2012 a 30/11/2012,Não classificado,0,0,0
01/11/2012 a 30/11/2012,Homofobia,317,302,619
01/11/2012 a 30/11/2012,Neo Nazismo,62,166,228
01/11/2012 a 30/11/2012,Tráfico de Pessoas,55,66,121
01/11/2012 a 30/11/2012,Apologia e Incitação a crimes contra a Vida,588,941,1529
01/11/2012 a 30/11/2012,Intolerância Religiosa,106,137,243
01/11/2012 a 30/11/2012,Maus Tratos Contra Animais,130,169,299
01/11/2012 a 30/11/2012,Racismo,1526,4953,6479
01/11/2012 a 30/11/2012,Pornografia Infantil,2749,6907,9656
01/11/2012 a 30/11/2012,Violência ou Discriminação contra Mulheres,0,0,0
01/11/2012 a 30/11/2012,Xenofobia,385,226,611
,,,,
01/12/2012 a 31/12/2012,Não classificado,0,0,0
01/12/2012 a 31/12/2012,Homofobia,256,132,388
01/12/2012 a 31/12/2012,Neo Nazismo,89,135,224
01/12/2012 a 31/12/2012,Tráfico de Pessoas,33,34,67
01/12/2012 a 31/12/2012,Apologia e Incitação a crimes contra a Vida,575,1159,1734
01/12/2012 a 31/12/2012,Intolerância Religiosa,141,157,298
01/12/2012 a 31/12/2012,Maus Tratos Contra Animais,170,558,728
01/12/2012 a 31/12/2012,Racismo,1031,1775,2806
01/12/2012 a 31/12/2012,Pornografia Infantil,1947,3419,5366
01/12/2012 a 31/12/2012,Violência ou Discriminação contra Mulheres,0,0,0
01/12/2012 a 31/12/2012,Xenofobia,257,91,348
,,,,
01/01/2013 a 31/01/2013,Não classificado,0,0,0
01/01/2013 a 31/01/2013,Homofobia,333,414,747
01/01/2013 a 31/01/2013,Neo Nazismo,164,284,448
01/01/2013 a 31/01/2013,Tráfico de Pessoas,31,50,81
01/01/2013 a 31/01/2013,Apologia e Incitação a crimes contra a Vida,1024,4247,5271
01/01/2013 a 31/01/2013,Intolerância Religiosa,180,540,720
01/01/2013 a 31/01/2013,Maus Tratos Contra Animais,172,263,435
01/01/2013 a 31/01/2013,Racismo,1827,7067,8894
01/01/2013 a 31/01/2013,Pornografia Infantil,2221,5966,8187
01/01/2013 a 31/01/2013,Violência ou Discriminação contra Mulheres,0,0,0
01/01/2013 a 31/01/2013,Xenofobia,309,389,698
,,,,
01/02/2013 a 28/02/2013,Não classificado,0,0,0
01/02/2013 a 28/02/2013,Homofobia,272,943,1215
01/02/2013 a 28/02/2013,Neo Nazismo,65,426,491
01/02/2013 a 28/02/2013,Tráfico de Pessoas,88,167,255
01/02/2013 a 28/02/2013,Apologia e Incitação a crimes contra a Vida,514,1071,1585
01/02/2013 a 28/02/2013,Intolerância Religiosa,124,478,602
01/02/2013 a 28/02/2013,Maus Tratos Contra Animais,130,245,375
01/02/2013 a 28/02/2013,Racismo,1193,2681,3874
01/02/2013 a 28/02/2013,Pornografia Infantil,2075,3839,5914
01/02/2013 a 28/02/2013,Violência ou Discriminação contra Mulheres,0,0,0
01/02/2013 a 28/02/2013,Xenofobia,221,445,666
,,,,
01/03/2013 a 31/03/2013,Não classificado,0,0,0
01/03/2013 a 31/03/2013,Homofobia,318,916,1234
01/03/2013 a 31/03/2013,Neo Nazismo,47,600,647
01/03/2013 a 31/03/2013,Tráfico de Pessoas,81,413,494
01/03/2013 a 31/03/2013,Apologia e Incitação a crimes contra a Vida,619,1729,2348
01/03/2013 a 31/03/2013,Intolerância Religiosa,137,1027,1164
01/03/2013 a 31/03/2013,Maus Tratos Contra Animais,196,2411,2607
01/03/2013 a 31/03/2013,Racismo,1433,5102,6535
01/03/2013 a 31/03/2013,Pornografia Infantil,2591,7669,10260
01/03/2013 a 31/03/2013,Violência ou Discriminação contra Mulheres,0,0,0
01/03/2013 a 31/03/2013,Xenofobia,205,1179,1384
,,,,
01/04/2013 a 30/04/2013,Não classificado,0,0,0
01/04/2013 a 30/04/2013,Homofobia,298,1504,1802
01/04/2013 a 30/04/2013,Neo Nazismo,166,759,925
01/04/2013 a 30/04/2013,Tráfico de Pessoas,104,163,267
01/04/2013 a 30/04/2013,Apologia e Incitação a crimes contra a Vida,596,2038,2634
01/04/2013 a 30/04/2013,Intolerância Religiosa,120,652,772
01/04/2013 a 30/04/2013,Maus Tratos Contra Animais,103,739,842
01/04/2013 a 30/04/2013,Racismo,1306,3758,5064
01/04/2013 a 30/04/2013,Pornografia Infantil,2528,8606,11134
01/04/2013 a 30/04/2013,Violência ou Discriminação contra Mulheres,0,0,0
01/04/2013 a 30/04/2013,Xenofobia,102,592,694
,,,,
01/05/2013 a 31/05/2013,Não classificado,0,0,0
01/05/2013 a 31/05/2013,Homofobia,154,658,812
01/05/2013 a 31/05/2013,Neo Nazismo,75,760,835
01/05/2013 a 31/05/2013,Tráfico de Pessoas,48,108,156
01/05/2013 a 31/05/2013,Apologia e Incitação a crimes contra a Vida,1115,1649,2764
01/05/2013 a 31/05/2013,Intolerância Religiosa,144,1189,1333
01/05/2013 a 31/05/2013,Maus Tratos Contra Animais,143,468,611
01/05/2013 a 31/05/2013,Racismo,1034,2116,3150
01/05/2013 a 31/05/2013,Pornografia Infantil,2301,5790,8091
01/05/2013 a 31/05/2013,Violência ou Discriminação contra Mulheres,0,0,0
01/05/2013 a 31/05/2013,Xenofobia,132,750,882
,,,,
01/06/2013 a 30/06/2013,Não classificado,0,0,0
01/06/2013 a 30/06/2013,Homofobia,174,1068,1242
01/06/2013 a 30/06/2013,Neo Nazismo,62,452,514
01/06/2013 a 30/06/2013,Tráfico de Pessoas,55,181,236
01/06/2013 a 30/06/2013,Apologia e Incitação a crimes contra a Vida,670,1715,2385
01/06/2013 a 30/06/2013,Intolerância Religiosa,66,1473,1539
01/06/2013 a 30/06/2013,Maus Tratos Contra Animais,173,625,798
01/06/2013 a 30/06/2013,Racismo,1158,4075,5233
01/06/2013 a 30/06/2013,Pornografia Infantil,2337,5118,7455
01/06/2013 a 30/06/2013,Violência ou Discriminação contra Mulheres,0,0,0
01/06/2013 a 30/06/2013,Xenofobia,130,1388,1518
,,,,
01/07/2013 a 31/07/2013,Não classificado,0,0,0
01/07/2013 a 31/07/2013,Homofobia,90,616,706
01/07/2013 a 31/07/2013,Neo Nazismo,39,580,619
01/07/2013 a 31/07/2013,Tráfico de Pessoas,85,274,359
01/07/2013 a 31/07/2013,Apologia e Incitação a crimes contra a Vida,395,983,1378
01/07/2013 a 31/07/2013,Intolerância Religiosa,93,1154,1247
01/07/2013 a 31/07/2013,Maus Tratos Contra Animais,273,1553,1826
01/07/2013 a 31/07/2013,Racismo,677,1413,2090
01/07/2013 a 31/07/2013,Pornografia Infantil,2208,6209,8417
01/07/2013 a 31/07/2013,Violência ou Discriminação contra Mulheres,2,0,2
01/07/2013 a 31/07/2013,Xenofobia,113,486,599
,,,,
01/08/2013 a 31/08/2013,Não classificado,0,0,0
01/08/2013 a 31/08/2013,Homofobia,110,225,335
01/08/2013 a 31/08/2013,Neo Nazismo,40,250,290
01/08/2013 a 31/08/2013,Tráfico de Pessoas,60,99,159
01/08/2013 a 31/08/2013,Apologia e Incitação a crimes contra a Vida,373,687,1060
01/08/2013 a 31/08/2013,Intolerância Religiosa,86,252,338
01/08/2013 a 31/08/2013,Maus Tratos Contra Animais,225,1434,1659
01/08/2013 a 31/08/2013,Racismo,796,1696,2492
01/08/2013 a 31/08/2013,Pornografia Infantil,2046,2755,4801
01/08/2013 a 31/08/2013,Violência ou Discriminação contra Mulheres,1,0,1
01/08/2013 a 31/08/2013,Xenofobia,122,174,296
,,,,
01/09/2013 a 30/09/2013,Não classificado,0,0,0
01/09/2013 a 30/09/2013,Homofobia,118,2415,2533
01/09/2013 a 30/09/2013,Neo Nazismo,65,392,457
01/09/2013 a 30/09/2013,Tráfico de Pessoas,40,124,164
01/09/2013 a 30/09/2013,Apologia e Incitação a crimes contra a Vida,460,2055,2515
01/09/2013 a 30/09/2013,Intolerância Religiosa,80,389,469
01/09/2013 a 30/09/2013,Maus Tratos Contra Animais,167,613,780
01/09/2013 a 30/09/2013,Racismo,756,5112,5868
01/09/2013 a 30/09/2013,Pornografia Infantil,1799,2615,4414
01/09/2013 a 30/09/2013,Violência ou Discriminação contra Mulheres,1,0,1
01/09/2013 a 30/09/2013,Xenofobia,94,403,497
,,,,
01/10/2013 a 31/10/2013,Não classificado,0,0,0
01/10/2013 a 31/10/2013,Homofobia,98,2728,2826
01/10/2013 a 31/10/2013,Neo Nazismo,44,355,399
01/10/2013 a 31/10/2013,Tráfico de Pessoas,40,58,98
01/10/2013 a 31/10/2013,Apologia e Incitação a crimes contra a Vida,574,5288,5862
01/10/2013 a 31/10/2013,Intolerância Religiosa,51,306,357
01/10/2013 a 31/10/2013,Maus Tratos Contra Animais,220,609,829
01/10/2013 a 31/10/2013,Racismo,980,16330,17310
01/10/2013 a 31/10/2013,Pornografia Infantil,1952,2490,4442
01/10/2013 a 31/10/2013,Violência ou Discriminação contra Mulheres,0,0,0
01/10/2013 a 31/10/2013,Xenofobia,105,438,543
,,,,
01/11/2013 a 30/11/2013,Não classificado,0,0,0
01/11/2013 a 30/11/2013,Homofobia,102,1217,1319
01/11/2013 a 30/11/2013,Neo Nazismo,20,320,340
01/11/2013 a 30/11/2013,Tráfico de Pessoas,127,157,284
01/11/2013 a 30/11/2013,Apologia e Incitação a crimes contra a Vida,581,2240,2821
01/11/2013 a 30/11/2013,Intolerância Religiosa,58,279,337
01/11/2013 a 30/11/2013,Maus Tratos Contra Animais,299,270,569
01/11/2013 a 30/11/2013,Racismo,789,7118,7907
01/11/2013 a 30/11/2013,Pornografia Infantil,2429,2809,5238
01/11/2013 a 30/11/2013,Violência ou Discriminação contra Mulheres,0,0,0
01/11/2013 a 30/11/2013,Xenofobia,62,186,248
,,,,
01/12/2013 a 31/12/2013,Não classificado,0,0,0
01/12/2013 a 31/12/2013,Homofobia,86,262,348
01/12/2013 a 31/12/2013,Neo Nazismo,28,161,189
01/12/2013 a 31/12/2013,Tráfico de Pessoas,80,116,196
01/12/2013 a 31/12/2013,Apologia e Incitação a crimes contra a Vida,468,691,1159
01/12/2013 a 31/12/2013,Intolerância Religiosa,115,898,1013
01/12/2013 a 31/12/2013,Maus Tratos Contra Animais,125,158,283
01/12/2013 a 31/12/2013,Racismo,1125,9655,10780
01/12/2013 a 31/12/2013,Pornografia Infantil,1663,2094,3757
01/12/2013 a 31/12/2013,Violência ou Discriminação contra Mulheres,1,0,1
01/12/2013 a 31/12/2013,Xenofobia,53,205,258
,,,,
01/01/2014 a 31/01/2014,Não classificado,0,0,0
01/01/2014 a 31/01/2014,Homofobia,155,1265,1420
01/01/2014 a 31/01/2014,Neo Nazismo,45,341,386
01/01/2014 a 31/01/2014,Tráfico de Pessoas,80,248,328
01/01/2014 a 31/01/2014,Apologia e Incitação a crimes contra a Vida,404,3106,3510
01/01/2014 a 31/01/2014,Intolerância Religiosa,73,423,496
01/01/2014 a 31/01/2014,Maus Tratos Contra Animais,130,508,638
01/01/2014 a 31/01/2014,Racismo,1087,18892,19979
01/01/2014 a 31/01/2014,Pornografia Infantil,1790,2518,4308
01/01/2014 a 31/01/2014,Violência ou Discriminação contra Mulheres,1,0,1
01/01/2014 a 31/01/2014,Xenofobia,75,264,339
,,,,
01/02/2014 a 28/02/2014,Não classificado,0,0,0
01/02/2014 a 28/02/2014,Homofobia,186,580,766
01/02/2014 a 28/02/2014,Neo Nazismo,49,1364,1413
01/02/2014 a 28/02/2014,Tráfico de Pessoas,58,45,103
01/02/2014 a 28/02/2014,Apologia e Incitação a crimes contra a Vida,517,8339,8856
01/02/2014 a 28/02/2014,Intolerância Religiosa,55,411,466
01/02/2014 a 28/02/2014,Maus Tratos Contra Animais,193,352,545
01/02/2014 a 28/02/2014,Racismo,987,35487,36474
01/02/2014 a 28/02/2014,Pornografia Infantil,1883,2784,4667
01/02/2014 a 28/02/2014,Violência ou Discriminação contra Mulheres,0,0,0
01/02/2014 a 28/02/2014,Xenofobia,92,428,520
,,,,
01/03/2014 a 31/03/2014,Não classificado,0,0,0
01/03/2014 a 31/03/2014,Homofobia,225,150,375
01/03/2014 a 31/03/2014,Neo Nazismo,42,205,247
01/03/2014 a 31/03/2014,Tráfico de Pessoas,72,143,215
01/03/2014 a 31/03/2014,Apologia e Incitação a crimes contra a Vida,675,1460,2135
01/03/2014 a 31/03/2014,Intolerância Religiosa,74,536,610
01/03/2014 a 31/03/2014,Maus Tratos Contra Animais,203,201,404
01/03/2014 a 31/03/2014,Racismo,1229,4567,5796
01/03/2014 a 31/03/2014,Pornografia Infantil,2921,4293,7214
01/03/2014 a 31/03/2014,Violência ou Discriminação contra Mulheres,0,0,0
01/03/2014 a 31/03/2014,Xenofobia,73,185,258
,,,,
01/04/2014 a 30/04/2014,Não classificado,0,0,0
01/04/2014 a 30/04/2014,Homofobia,55,211,266
01/04/2014 a 30/04/2014,Neo Nazismo,36,124,160
01/04/2014 a 30/04/2014,Tráfico de Pessoas,72,68,140
01/04/2014 a 30/04/2014,Apologia e Incitação a crimes contra a Vida,713,978,1691
01/04/2014 a 30/04/2014,Intolerância Religiosa,50,202,252
01/04/2014 a 30/04/2014,Maus Tratos Contra Animais,141,994,1135
01/04/2014 a 30/04/2014,Racismo,873,2270,3143
01/04/2014 a 30/04/2014,Pornografia Infantil,2222,3625,5847
01/04/2014 a 30/04/2014,Violência ou Discriminação contra Mulheres,4,0,4
01/04/2014 a 30/04/2014,Xenofobia,64,153,217
,,,,
01/05/2014 a 31/05/2014,Não classificado,0,0,0
01/05/2014 a 31/05/2014,Homofobia,85,106,191
01/05/2014 a 31/05/2014,Neo Nazismo,27,104,131
01/05/2014 a 31/05/2014,Tráfico de Pessoas,91,87,178
01/05/2014 a 31/05/2014,Apologia e Incitação a crimes contra a Vida,669,717,1386
01/05/2014 a 31/05/2014,Intolerância Religiosa,95,343,438
01/05/2014 a 31/05/2014,Maus Tratos Contra Animais,90,205,295
01/05/2014 a 31/05/2014,Racismo,694,968,1662
01/05/2014 a 31/05/2014,Pornografia Infantil,2236,2932,5168
01/05/2014 a 31/05/2014,Violência ou Discriminação contra Mulheres,3,0,3
01/05/2014 a 31/05/2014,Xenofobia,62,66,128
,,,,
01/06/2014 a 30/06/2014,Não classificado,0,0,0
01/06/2014 a 30/06/2014,Homofobia,105,207,312
01/06/2014 a 30/06/2014,Neo Nazismo,38,71,109
01/06/2014 a 30/06/2014,Tráfico de Pessoas,235,114,349
01/06/2014 a 30/06/2014,Apologia e Incitação a crimes contra a Vida,574,1389,1963
01/06/2014 a 30/06/2014,Intolerância Religiosa,85,188,273
01/06/2014 a 30/06/2014,Maus Tratos Contra Animais,124,341,465
01/06/2014 a 30/06/2014,Racismo,779,2001,2780
01/06/2014 a 30/06/2014,Pornografia Infantil,2401,6884,9285
01/06/2014 a 30/06/2014,Violência ou Discriminação contra Mulheres,6,0,6
01/06/2014 a 30/06/2014,Xenofobia,98,94,192
,,,,
01/07/2014 a 31/07/2014,Não classificado,0,0,0
01/07/2014 a 31/07/2014,Homofobia,89,98,187
01/07/2014 a 31/07/2014,Neo Nazismo,60,64,124
01/07/2014 a 31/07/2014,Tráfico de Pessoas,487,189,676
01/07/2014 a 31/07/2014,Apologia e Incitação a crimes contra a Vida,523,273,796
01/07/2014 a 31/07/2014,Intolerância Religiosa,52,122,174
01/07/2014 a 31/07/2014,Maus Tratos Contra Animais,76,94,170
01/07/2014 a 31/07/2014,Racismo,736,689,1425
01/07/2014 a 31/07/2014,Pornografia Infantil,2173,1275,3448
01/07/2014 a 31/07/2014,Violência ou Discriminação contra Mulheres,22,0,22
01/07/2014 a 31/07/2014,Xenofobia,141,68,209
,,,,
01/08/2014 a 31/08/2014,Não classificado,0,0,0
01/08/2014 a 31/08/2014,Homofobia,61,42,103
01/08/2014 a 31/08/2014,Neo Nazismo,52,25,77
01/08/2014 a 31/08/2014,Tráfico de Pessoas,229,142,371
01/08/2014 a 31/08/2014,Apologia e Incitação a crimes contra a Vida,423,375,798
01/08/2014 a 31/08/2014,Intolerância Religiosa,49,193,242
01/08/2014 a 31/08/2014,Maus Tratos Contra Animais,116,296,412
01/08/2014 a 31/08/2014,Racismo,725,746,1471
01/08/2014 a 31/08/2014,Pornografia Infantil,1825,975,2800
01/08/2014 a 31/08/2014,Violência ou Discriminação contra Mulheres,11,0,11
01/08/2014 a 31/08/2014,Xenofobia,123,78,201
,,,,
01/09/2014 a 30/09/2014,Não classificado,0,0,0
01/09/2014 a 30/09/2014,Homofobia,109,151,260
01/09/2014 a 30/09/2014,Neo Nazismo,29,44,73
01/09/2014 a 30/09/2014,Tráfico de Pessoas,303,146,449
01/09/2014 a 30/09/2014,Apologia e Incitação a crimes contra a Vida,494,402,896
01/09/2014 a 30/09/2014,Intolerância Religiosa,51,44,95
01/09/2014 a 30/09/2014,Maus Tratos Contra Animais,136,362,498
01/09/2014 a 30/09/2014,Racismo,1236,4674,5910
01/09/2014 a 30/09/2014,Pornografia Infantil,1621,877,2498
01/09/2014 a 30/09/2014,Violência ou Discriminação contra Mulheres,20,0,20
01/09/2014 a 30/09/2014,Xenofobia,40,68,108
,,,,
01/10/2014 a 31/10/2014,Não classificado,0,0,0
01/10/2014 a 31/10/2014,Homofobia,196,85,281
01/10/2014 a 31/10/2014,Neo Nazismo,97,80,177
01/10/2014 a 31/10/2014,Tráfico de Pessoas,57,39,96
01/10/2014 a 31/10/2014,Apologia e Incitação a crimes contra a Vida,1007,703,1710
01/10/2014 a 31/10/2014,Intolerância Religiosa,109,102,211
01/10/2014 a 31/10/2014,Maus Tratos Contra Animais,48,47,95
01/10/2014 a 31/10/2014,Racismo,6665,6026,12691
01/10/2014 a 31/10/2014,Pornografia Infantil,1954,1198,3152
01/10/2014 a 31/10/2014,Violência ou Discriminação contra Mulheres,39,0,39
01/10/2014 a 31/10/2014,Xenofobia,4848,2073,6921
,,,,
01/11/2014 a 30/11/2014,Não classificado,0,0,0
01/11/2014 a 30/11/2014,Homofobia,96,271,367
01/11/2014 a 30/11/2014,Neo Nazismo,41,45,86
01/11/2014 a 30/11/2014,Tráfico de Pessoas,55,56,111
01/11/2014 a 30/11/2014,Apologia e Incitação a crimes contra a Vida,497,1020,1517
01/11/2014 a 30/11/2014,Intolerância Religiosa,46,34,80
01/11/2014 a 30/11/2014,Maus Tratos Contra Animais,219,771,990
01/11/2014 a 30/11/2014,Racismo,1176,2733,3909
01/11/2014 a 30/11/2014,Pornografia Infantil,1875,1367,3242
01/11/2014 a 30/11/2014,Violência ou Discriminação contra Mulheres,6,0,6
01/11/2014 a 30/11/2014,Xenofobia,227,103,330
,,,,
01/12/2014 a 31/12/2014,Não classificado,0,0,0
01/12/2014 a 31/12/2014,Homofobia,97,140,237
01/12/2014 a 31/12/2014,Neo Nazismo,51,59,110
01/12/2014 a 31/12/2014,Tráfico de Pessoas,54,56,110
01/12/2014 a 31/12/2014,Apologia e Incitação a crimes contra a Vida,575,1252,1827
01/12/2014 a 31/12/2014,Intolerância Religiosa,71,74,145
01/12/2014 a 31/12/2014,Maus Tratos Contra Animais,75,41,116
01/12/2014 a 31/12/2014,Racismo,878,3508,4386
01/12/2014 a 31/12/2014,Pornografia Infantil,1893,1435,3328
01/12/2014 a 31/12/2014,Violência ou Discriminação contra Mulheres,18,0,18
01/12/2014 a 31/12/2014,Xenofobia,56,92,148
,,,,
01/01/2015 a 31/01/2015,Não classificado,0,0,0
01/01/2015 a 31/01/2015,Homofobia,93,147,240
01/01/2015 a 31/01/2015,Neo Nazismo,38,35,73
01/01/2015 a 31/01/2015,Tráfico de Pessoas,54,59,113
01/01/2015 a 31/01/2015,Apologia e Incitação a crimes contra a Vida,503,548,1051
01/01/2015 a 31/01/2015,Intolerância Religiosa,103,207,310
01/01/2015 a 31/01/2015,Maus Tratos Contra Animais,236,448,684
01/01/2015 a 31/01/2015,Racismo,1170,3665,4835
01/01/2015 a 31/01/2015,Pornografia Infantil,2027,1136,3163
01/01/2015 a 31/01/2015,Violência ou Discriminação contra Mulheres,6,0,6
01/01/2015 a 31/01/2015,Xenofobia,79,95,174
,,,,
01/02/2015 a 28/02/2015,Não classificado,0,0,0
01/02/2015 a 28/02/2015,Homofobia,82,192,274
01/02/2015 a 28/02/2015,Neo Nazismo,44,79,123
01/02/2015 a 28/02/2015,Tráfico de Pessoas,43,86,129
01/02/2015 a 28/02/2015,Apologia e Incitação a crimes contra a Vida,375,508,883
01/02/2015 a 28/02/2015,Intolerância Religiosa,60,27,87
01/02/2015 a 28/02/2015,Maus Tratos Contra Animais,79,78,157
01/02/2015 a 28/02/2015,Racismo,1008,11987,12995
01/02/2015 a 28/02/2015,Pornografia Infantil,1584,3533,5117
01/02/2015 a 28/02/2015,Violência ou Discriminação contra Mulheres,12,0,12
01/02/2015 a 28/02/2015,Xenofobia,70,62,132
,,,,
01/03/2015 a 31/03/2015,Não classificado,0,0,0
01/03/2015 a 31/03/2015,Homofobia,144,253,397
01/03/2015 a 31/03/2015,Neo Nazismo,36,41,77
01/03/2015 a 31/03/2015,Tráfico de Pessoas,29,100,129
01/03/2015 a 31/03/2015,Apologia e Incitação a crimes contra a Vida,527,792,1319
01/03/2015 a 31/03/2015,Intolerância Religiosa,89,311,400
01/03/2015 a 31/03/2015,Maus Tratos Contra Animais,49,41,90
01/03/2015 a 31/03/2015,Racismo,923,3985,4908
01/03/2015 a 31/03/2015,Pornografia Infantil,1505,1431,2936
01/03/2015 a 31/03/2015,Violência ou Discriminação contra Mulheres,27,0,27
01/03/2015 a 31/03/2015,Xenofobia,120,220,340
,,,,
01/04/2015 a 30/04/2015,Não classificado,0,0,0
01/04/2015 a 30/04/2015,Homofobia,271,3921,4192
01/04/2015 a 30/04/2015,Neo Nazismo,129,261,390
01/04/2015 a 30/04/2015,Tráfico de Pessoas,50,93,143
01/04/2015 a 30/04/2015,Apologia e Incitação a crimes contra a Vida,776,3797,4573
01/04/2015 a 30/04/2015,Intolerância Religiosa,133,353,486
01/04/2015 a 30/04/2015,Maus Tratos Contra Animais,52,19,71
01/04/2015 a 30/04/2015,Racismo,906,4978,5884
01/04/2015 a 30/04/2015,Pornografia Infantil,1745,2076,3821
01/04/2015 a 30/04/2015,Violência ou Discriminação contra Mulheres,263,5318,5581
01/04/2015 a 30/04/2015,Xenofobia,125,314,439
,,,,
01/05/2015 a 31/05/2015,Não classificado,0,0,0
01/05/2015 a 31/05/2015,Homofobia,170,288,458
01/05/2015 a 31/05/2015,Neo Nazismo,74,81,155
01/05/2015 a 31/05/2015,Tráfico de Pessoas,53,103,156
01/05/2015 a 31/05/2015,Apologia e Incitação a crimes contra a Vida,504,1395,1899
01/05/2015 a 31/05/2015,Intolerância Religiosa,88,73,161
01/05/2015 a 31/05/2015,Maus Tratos Contra Animais,61,27,88
01/05/2015 a 31/05/2015,Racismo,798,2314,3112
01/05/2015 a 31/05/2015,Pornografia Infantil,1750,1244,2994
01/05/2015 a 31/05/2015,Violência ou Discriminação contra Mulheres,223,343,566
01/05/2015 a 31/05/2015,Xenofobia,85,323,408
,,,,
01/06/2015 a 30/06/2015,Não classificado,0,0,0
01/06/2015 a 30/06/2015,Homofobia,383,355,738
01/06/2015 a 30/06/2015,Neo Nazismo,45,80,125
01/06/2015 a 30/06/2015,Tráfico de Pessoas,31,60,91
01/06/2015 a 30/06/2015,Apologia e Incitação a crimes contra a Vida,496,1392,1888
01/06/2015 a 30/06/2015,Intolerância Religiosa,138,692,830
01/06/2015 a 30/06/2015,Maus Tratos Contra Animais,73,143,216
01/06/2015 a 30/06/2015,Racismo,551,1297,1848
01/06/2015 a 30/06/2015,Pornografia Infantil,1432,1531,2963
01/06/2015 a 30/06/2015,Violência ou Discriminação contra Mulheres,111,67,178
01/06/2015 a 30/06/2015,Xenofobia,167,2554,2721
,,,,
01/07/2015 a 31/07/2015,Não classificado,0,0,0
01/07/2015 a 31/07/2015,Homofobia,206,506,712
01/07/2015 a 31/07/2015,Neo Nazismo,95,168,263
01/07/2015 a 31/07/2015,Tráfico de Pessoas,50,153,203
01/07/2015 a 31/07/2015,Apologia e Incitação a crimes contra a Vida,607,6315,6922
01/07/2015 a 31/07/2015,Intolerância Religiosa,70,133,203
01/07/2015 a 31/07/2015,Maus Tratos Contra Animais,38,55,93
01/07/2015 a 31/07/2015,Racismo,1036,9404,10440
01/07/2015 a 31/07/2015,Pornografia Infantil,1678,3601,5279
01/07/2015 a 31/07/2015,Violência ou Discriminação contra Mulheres,183,2616,2799
01/07/2015 a 31/07/2015,Xenofobia,95,584,679
,,,,
01/08/2015 a 31/08/2015,Não classificado,0,0,0
01/08/2015 a 31/08/2015,Homofobia,144,224,368
01/08/2015 a 31/08/2015,Neo Nazismo,40,60,100
01/08/2015 a 31/08/2015,Tráfico de Pessoas,27,58,85
01/08/2015 a 31/08/2015,Apologia e Incitação a crimes contra a Vida,709,4756,5465
01/08/2015 a 31/08/2015,Intolerância Religiosa,71,110,181
01/08/2015 a 31/08/2015,Maus Tratos Contra Animais,412,3137,3549
01/08/2015 a 31/08/2015,Racismo,900,5623,6523
01/08/2015 a 31/08/2015,Pornografia Infantil,1597,1514,3111
01/08/2015 a 31/08/2015,Violência ou Discriminação contra Mulheres,113,511,624
01/08/2015 a 31/08/2015,Xenofobia,53,113,166
,,,,
01/09/2015 a 30/09/2015,Não classificado,0,0,0
01/09/2015 a 30/09/2015,Homofobia,125,77,202
01/09/2015 a 30/09/2015,Neo Nazismo,25,25,50
01/09/2015 a 30/09/2015,Tráfico de Pessoas,45,25,70
01/09/2015 a 30/09/2015,Apologia e Incitação a crimes contra a Vida,547,449,996
01/09/2015 a 30/09/2015,Intolerância Religiosa,99,107,206
01/09/2015 a 30/09/2015,Maus Tratos Contra Animais,35,22,57
01/09/2015 a 30/09/2015,Racismo,740,906,1646
01/09/2015 a 30/09/2015,Pornografia Infantil,1346,1564,2910
01/09/2015 a 30/09/2015,Violência ou Discriminação contra Mulheres,92,86,178
01/09/2015 a 30/09/2015,Xenofobia,83,77,160
,,,,
01/10/2015 a 31/10/2015,Não classificado,0,0,0
01/10/2015 a 31/10/2015,Homofobia,165,148,313
01/10/2015 a 31/10/2015,Neo Nazismo,33,37,70
01/10/2015 a 31/10/2015,Tráfico de Pessoas,68,30,98
01/10/2015 a 31/10/2015,Apologia e Incitação a crimes contra a Vida,821,833,1654
01/10/2015 a 31/10/2015,Intolerância Religiosa,111,431,542
01/10/2015 a 31/10/2015,Maus Tratos Contra Animais,47,21,68
01/10/2015 a 31/10/2015,Racismo,1060,2105,3165
01/10/2015 a 31/10/2015,Pornografia Infantil,2033,4758,6791
01/10/2015 a 31/10/2015,Violência ou Discriminação contra Mulheres,119,459,578
01/10/2015 a 31/10/2015,Xenofobia,77,78,155
,,,,
01/11/2015 a 30/11/2015,Não classificado,0,0,0
01/11/2015 a 30/11/2015,Homofobia,186,159,345
01/11/2015 a 30/11/2015,Neo Nazismo,63,54,117
01/11/2015 a 30/11/2015,Tráfico de Pessoas,71,94,165
01/11/2015 a 30/11/2015,Apologia e Incitação a crimes contra a Vida,657,1251,1908
01/11/2015 a 30/11/2015,Intolerância Religiosa,150,115,265
01/11/2015 a 30/11/2015,Maus Tratos Contra Animais,75,40,115
01/11/2015 a 30/11/2015,Racismo,1435,5130,6565
01/11/2015 a 30/11/2015,Pornografia Infantil,1954,1473,3427
01/11/2015 a 30/11/2015,Violência ou Discriminação contra Mulheres,107,128,235
01/11/2015 a 30/11/2015,Xenofobia,86,52,138
,,,,
01/12/2015 a 31/12/2015,Não classificado,0,0,0
01/12/2015 a 31/12/2015,Homofobia,130,88,218
01/12/2015 a 31/12/2015,Neo Nazismo,34,19,53
01/12/2015 a 31/12/2015,Tráfico de Pessoas,62,32,94
01/12/2015 a 31/12/2015,Apologia e Incitação a crimes contra a Vida,487,371,858
01/12/2015 a 31/12/2015,Intolerância Religiosa,68,31,99
01/12/2015 a 31/12/2015,Maus Tratos Contra Animais,65,95,160
01/12/2015 a 31/12/2015,Racismo,985,1041,2026
01/12/2015 a 31/12/2015,Pornografia Infantil,2471,8347,10818
01/12/2015 a 31/12/2015,Violência ou Discriminação contra Mulheres,116,118,234
01/12/2015 a 31/12/2015,Xenofobia,71,77,148
,,,,
01/01/2016 a 31/01/2016,Não classificado,0,0,0
01/01/2016 a 31/01/2016,Homofobia,123,102,225
01/01/2016 a 31/01/2016,Neo Nazismo,32,37,69
01/01/2016 a 31/01/2016,Tráfico de Pessoas,70,141,211
01/01/2016 a 31/01/2016,Apologia e Incitação a crimes contra a Vida,705,3677,4382
01/01/2016 a 31/01/2016,Intolerância Religiosa,67,46,113
01/01/2016 a 31/01/2016,Maus Tratos Contra Animais,55,22,77
01/01/2016 a 31/01/2016,Racismo,1238,11567,12805
01/01/2016 a 31/01/2016,Pornografia Infantil,2784,5973,8757
01/01/2016 a 31/01/2016,Violência ou Discriminação contra Mulheres,297,878,1175
01/01/2016 a 31/01/2016,Xenofobia,63,88,151
,,,,
01/02/2016 a 29/02/2016,Não classificado,0,0,0
01/02/2016 a 29/02/2016,Homofobia,238,283,521
01/02/2016 a 29/02/2016,Neo Nazismo,43,42,85
01/02/2016 a 29/02/2016,Tráfico de Pessoas,50,108,158
01/02/2016 a 29/02/2016,Apologia e Incitação a crimes contra a Vida,485,1330,1815
01/02/2016 a 29/02/2016,Intolerância Religiosa,62,43,105
01/02/2016 a 29/02/2016,Maus Tratos Contra Animais,315,1300,1615
01/02/2016 a 29/02/2016,Racismo,1252,5311,6563
01/02/2016 a 29/02/2016,Pornografia Infantil,2097,5250,7347
01/02/2016 a 29/02/2016,Violência ou Discriminação contra Mulheres,136,79,215
01/02/2016 a 29/02/2016,Xenofobia,51,54,105
,,,,
01/03/2016 a 31/03/2016,Não classificado,0,0,0
01/03/2016 a 31/03/2016,Homofobia,106,72,178
01/03/2016 a 31/03/2016,Neo Nazismo,35,26,61
01/03/2016 a 31/03/2016,Tráfico de Pessoas,57,66,123
01/03/2016 a 31/03/2016,Apologia e Incitação a crimes contra a Vida,609,510,1119
01/03/2016 a 31/03/2016,Intolerância Religiosa,75,64,139
01/03/2016 a 31/03/2016,Maus Tratos Contra Animais,46,26,72
01/03/2016 a 31/03/2016,Racismo,1220,1290,2510
01/03/2016 a 31/03/2016,Pornografia Infantil,1628,1428,3056
01/03/2016 a 31/03/2016,Violência ou Discriminação contra Mulheres,92,45,137
01/03/2016 a 31/03/2016,Xenofobia,65,40,105
,,,,
01/04/2016 a 30/04/2016,Não classificado,0,0,0
01/04/2016 a 30/04/2016,Homofobia,197,168,365
01/04/2016 a 30/04/2016,Neo Nazismo,44,29,73
01/04/2016 a 30/04/2016,Tráfico de Pessoas,53,71,124
01/04/2016 a 30/04/2016,Apologia e Incitação a crimes contra a Vida,585,572,1157
01/04/2016 a 30/04/2016,Intolerância Religiosa,46,39,85
01/04/2016 a 30/04/2016,Maus Tratos Contra Animais,57,155,212
01/04/2016 a 30/04/2016,Racismo,1251,1897,3148
01/04/2016 a 30/04/2016,Pornografia Infantil,1845,1599,3444
01/04/2016 a 30/04/2016,Violência ou Discriminação contra Mulheres,87,75,162
01/04/2016 a 30/04/2016,Xenofobia,56,30,86
,,,,
01/05/2016 a 31/05/2016,Não classificado,0,0,0
01/05/2016 a 31/05/2016,Homofobia,138,156,294
01/05/2016 a 31/05/2016,Neo Nazismo,46,31,77
01/05/2016 a 31/05/2016,Tráfico de Pessoas,62,149,211
01/05/2016 a 31/05/2016,Apologia e Incitação a crimes contra a Vida,782,1565,2347
01/05/2016 a 31/05/2016,Intolerância Religiosa,49,49,98
01/05/2016 a 31/05/2016,Maus Tratos Contra Animais,159,230,389
01/05/2016 a 31/05/2016,Racismo,1428,2645,4073
01/05/2016 a 31/05/2016,Pornografia Infantil,2990,14292,17282
01/05/2016 a 31/05/2016,Violência ou Discriminação contra Mulheres,159,326,485
01/05/2016 a 31/05/2016,Xenofobia,84,61,145
,,,,
01/06/2016 a 30/06/2016,Não classificado,0,0,0
01/06/2016 a 30/06/2016,Homofobia,124,91,215
01/06/2016 a 30/06/2016,Neo Nazismo,36,23,59
01/06/2016 a 30/06/2016,Tráfico de Pessoas,86,108,194
01/06/2016 a 30/06/2016,Apologia e Incitação a crimes contra a Vida,462,485,947
01/06/2016 a 30/06/2016,Intolerância Religiosa,94,826,920
01/06/2016 a 30/06/2016,Maus Tratos Contra Animais,42,18,60
01/06/2016 a 30/06/2016,Racismo,1032,1588,2620
01/06/2016 a 30/06/2016,Pornografia Infantil,2154,5391,7545
01/06/2016 a 30/06/2016,Violência ou Discriminação contra Mulheres,90,68,158
01/06/2016 a 30/06/2016,Xenofobia,43,43,86
,,,,
01/07/2016 a 31/07/2016,Não classificado,0,0,0
01/07/2016 a 31/07/2016,Homofobia,128,87,215
01/07/2016 a 31/07/2016,Neo Nazismo,28,23,51
01/07/2016 a 31/07/2016,Tráfico de Pessoas,59,141,200
01/07/2016 a 31/07/2016,Apologia e Incitação a crimes contra a Vida,371,267,638
01/07/2016 a 31/07/2016,Intolerância Religiosa,51,36,87
01/07/2016 a 31/07/2016,Maus Tratos Contra Animais,41,48,89
01/07/2016 a 31/07/2016,Racismo,964,1259,2223
01/07/2016 a 31/07/2016,Pornografia Infantil,1933,1896,3829
01/07/2016 a 31/07/2016,Violência ou Discriminação contra Mulheres,41,23,64
01/07/2016 a 31/07/2016,Xenofobia,42,35,77
,,,,
01/08/2016 a 31/08/2016,Não classificado,0,0,0
01/08/2016 a 31/08/2016,Homofobia,148,173,321
01/08/2016 a 31/08/2016,Neo Nazismo,28,25,53
01/08/2016 a 31/08/2016,Tráfico de Pessoas,63,316,379
01/08/2016 a 31/08/2016,Apologia e Incitação a crimes contra a Vida,469,398,867
01/08/2016 a 31/08/2016,Intolerância Religiosa,62,44,106
01/08/2016 a 31/08/2016,Maus Tratos Contra Animais,53,60,113
01/08/2016 a 31/08/2016,Racismo,860,3147,4007
01/08/2016 a 31/08/2016,Pornografia Infantil,1740,2466,4206
01/08/2016 a 31/08/2016,Violência ou Discriminação contra Mulheres,56,75,131
01/08/2016 a 31/08/2016,Xenofobia,473,122,595
,,,,
01/09/2016 a 30/09/2016,Não classificado,0,0,0
01/09/2016 a 30/09/2016,Homofobia,74,161,235
01/09/2016 a 30/09/2016,Neo Nazismo,28,21,49
01/09/2016 a 30/09/2016,Tráfico de Pessoas,29,63,92
01/09/2016 a 30/09/2016,Apologia e Incitação a crimes contra a Vida,333,319,652
01/09/2016 a 30/09/2016,Intolerância Religiosa,39,31,70
01/09/2016 a 30/09/2016,Maus Tratos Contra Animais,28,19,47
01/09/2016 a 30/09/2016,Racismo,623,2079,2702
01/09/2016 a 30/09/2016,Pornografia Infantil,1380,3446,4826
01/09/2016 a 30/09/2016,Violência ou Discriminação contra Mulheres,35,29,64
01/09/2016 a 30/09/2016,Xenofobia,143,145,288
,,,,
01/10/2016 a 31/10/2016,Não classificado,0,0,0
01/10/2016 a 31/10/2016,Homofobia,60,67,127
01/10/2016 a 31/10/2016,Neo Nazismo,20,17,37
01/10/2016 a 31/10/2016,Tráfico de Pessoas,24,39,63
01/10/2016 a 31/10/2016,Apologia e Incitação a crimes contra a Vida,164,149,313
01/10/2016 a 31/10/2016,Intolerância Religiosa,11,9,20
01/10/2016 a 31/10/2016,Maus Tratos Contra Animais,44,54,98
01/10/2016 a 31/10/2016,Racismo,232,683,915
01/10/2016 a 31/10/2016,Pornografia Infantil,1259,1244,2503
01/10/2016 a 31/10/2016,Violência ou Discriminação contra Mulheres,16,10,26
01/10/2016 a 31/10/2016,Xenofobia,13,7,20
,,,,
01/11/2016 a 30/11/2016,Não classificado,0,0,0
01/11/2016 a 30/11/2016,Homofobia,103,77,180
01/11/2016 a 30/11/2016,Neo Nazismo,29,22,51
01/11/2016 a 30/11/2016,Tráfico de Pessoas,23,14,37
01/11/2016 a 30/11/2016,Apologia e Incitação a crimes contra a Vida,421,221,642
01/11/2016 a 30/11/2016,Intolerância Religiosa,121,149,270
01/11/2016 a 30/11/2016,Maus Tratos Contra Animais,32,27,59
01/11/2016 a 30/11/2016,Racismo,259,197,456
01/11/2016 a 30/11/2016,Pornografia Infantil,1694,812,2506
01/11/2016 a 30/11/2016,Violência ou Discriminação contra Mulheres,47,112,159
01/11/2016 a 30/11/2016,Xenofobia,57,61,118
,,,,
01/12/2016 a 31/12/2016,Não classificado,0,0,0
01/12/2016 a 31/12/2016,Homofobia,127,166,293
01/12/2016 a 31/12/2016,Neo Nazismo,38,48,86
01/12/2016 a 31/12/2016,Tráfico de Pessoas,22,12,34
01/12/2016 a 31/12/2016,Apologia e Incitação a crimes contra a Vida,347,292,639
01/12/2016 a 31/12/2016,Intolerância Religiosa,51,21,72
01/12/2016 a 31/12/2016,Maus Tratos Contra Animais,38,45,83
01/12/2016 a 31/12/2016,Racismo,234,160,394
01/12/2016 a 31/12/2016,Pornografia Infantil,1920,1109,3029
01/12/2016 a 31/12/2016,Violência ou Discriminação contra Mulheres,40,17,57
01/12/2016 a 31/12/2016,Xenofobia,46,35,81
,,,,
01/01/2017 a 31/01/2017,Não classificado,0,0,0
01/01/2017 a 31/01/2017,Homofobia,107,157,264
01/01/2017 a 31/01/2017,Neo Nazismo,53,51,104
01/01/2017 a 31/01/2017,Tráfico de Pessoas,22,10,32
01/01/2017 a 31/01/2017,Apologia e Incitação a crimes contra a Vida,489,443,932
01/01/2017 a 31/01/2017,Intolerância Religiosa,85,116,201
01/01/2017 a 31/01/2017,Maus Tratos Contra Animais,53,43,96
01/01/2017 a 31/01/2017,Racismo,297,140,437
01/01/2017 a 31/01/2017,Pornografia Infantil,1744,1035,2779
01/01/2017 a 31/01/2017,Violência ou Discriminação contra Mulheres,37,12,49
01/01/2017 a 31/01/2017,Xenofobia,52,69,121
,,,,
01/02/2017 a 28/02/2017,Não classificado,0,0,0
01/02/2017 a 28/02/2017,Homofobia,104,296,400
01/02/2017 a 28/02/2017,Neo Nazismo,37,84,121
01/02/2017 a 28/02/2017,Tráfico de Pessoas,35,68,103
01/02/2017 a 28/02/2017,Apologia e Incitação a crimes contra a Vida,524,2373,2897
01/02/2017 a 28/02/2017,Intolerância Religiosa,94,153,247
01/02/2017 a 28/02/2017,Maus Tratos Contra Animais,54,128,182
01/02/2017 a 28/02/2017,Racismo,408,928,1336
01/02/2017 a 28/02/2017,Pornografia Infantil,1510,835,2345
01/02/2017 a 28/02/2017,Violência ou Discriminação contra Mulheres,34,52,86
01/02/2017 a 28/02/2017,Xenofobia,50,117,167
,,,,
01/03/2017 a 31/03/2017,Não classificado,0,0,0
01/03/2017 a 31/03/2017,Homofobia,167,235,402
01/03/2017 a 31/03/2017,Neo Nazismo,43,156,199
01/03/2017 a 31/03/2017,Tráfico de Pessoas,26,32,58
01/03/2017 a 31/03/2017,Apologia e Incitação a crimes contra a Vida,450,2901,3351
01/03/2017 a 31/03/2017,Intolerância Religiosa,86,82,168
01/03/2017 a 31/03/2017,Maus Tratos Contra Animais,51,30,81
01/03/2017 a 31/03/2017,Racismo,266,405,671
01/03/2017 a 31/03/2017,Pornografia Infantil,2056,1148,3204
01/03/2017 a 31/03/2017,Violência ou Discriminação contra Mulheres,27,81,108
01/03/2017 a 31/03/2017,Xenofobia,61,65,126
,,,,
01/04/2017 a 30/04/2017,Não classificado,0,0,0
01/04/2017 a 30/04/2017,Homofobia,91,161,252
01/04/2017 a 30/04/2017,Neo Nazismo,36,207,243
01/04/2017 a 30/04/2017,Tráfico de Pessoas,39,27,66
01/04/2017 a 30/04/2017,Apologia e Incitação a crimes contra a Vida,680,4714,5394
01/04/2017 a 30/04/2017,Intolerância Religiosa,79,77,156
01/04/2017 a 30/04/2017,Maus Tratos Contra Animais,172,3926,4098
01/04/2017 a 30/04/2017,Racismo,286,788,1074
01/04/2017 a 30/04/2017,Pornografia Infantil,2215,1151,3366
01/04/2017 a 30/04/2017,Violência ou Discriminação contra Mulheres,28,1009,1037
01/04/2017 a 30/04/2017,Xenofobia,89,242,331
,,,,
01/05/2017 a 31/05/2017,Não classificado,0,0,0
01/05/2017 a 31/05/2017,Homofobia,100,270,370
01/05/2017 a 31/05/2017,Neo Nazismo,34,22,56
01/05/2017 a 31/05/2017,Tráfico de Pessoas,28,17,45
01/05/2017 a 31/05/2017,Apologia e Incitação a crimes contra a Vida,395,481,876
01/05/2017 a 31/05/2017,Intolerância Religiosa,63,35,98
01/05/2017 a 31/05/2017,Maus Tratos Contra Animais,47,26,73
01/05/2017 a 31/05/2017,Racismo,297,985,1282
01/05/2017 a 31/05/2017,Pornografia Infantil,2167,914,3081
01/05/2017 a 31/05/2017,Violência ou Discriminação contra Mulheres,40,40,80
01/05/2017 a 31/05/2017,Xenofobia,128,111,239
,,,,
01/06/2017 a 30/06/2017,Não classificado,0,0,0
01/06/2017 a 30/06/2017,Homofobia,114,112,226
01/06/2017 a 30/06/2017,Neo Nazismo,36,13,49
01/06/2017 a 30/06/2017,Tráfico de Pessoas,24,40,64
01/06/2017 a 30/06/2017,Apologia e Incitação a crimes contra a Vida,374,486,860
01/06/2017 a 30/06/2017,Intolerância Religiosa,45,73,118
01/06/2017 a 30/06/2017,Maus Tratos Contra Animais,37,71,108
01/06/2017 a 30/06/2017,Racismo,199,195,394
01/06/2017 a 30/06/2017,Pornografia Infantil,1920,1454,3374
01/06/2017 a 30/06/2017,Violência ou Discriminação contra Mulheres,26,29,55
01/06/2017 a 30/06/2017,Xenofobia,104,64,168
,,,,
01/07/2017 a 31/07/2017,Não classificado,0,0,0
01/07/2017 a 31/07/2017,Homofobia,134,123,257
01/07/2017 a 31/07/2017,Neo Nazismo,41,86,127
01/07/2017 a 31/07/2017,Tráfico de Pessoas,24,25,49
01/07/2017 a 31/07/2017,Apologia e Incitação a crimes contra a Vida,256,318,574
01/07/2017 a 31/07/2017,Intolerância Religiosa,40,37,77
01/07/2017 a 31/07/2017,Maus Tratos Contra Animais,26,33,59
01/07/2017 a 31/07/2017,Racismo,282,351,633
01/07/2017 a 31/07/2017,Pornografia Infantil,2015,1191,3206
01/07/2017 a 31/07/2017,Violência ou Discriminação contra Mulheres,15,82,97
01/07/2017 a 31/07/2017,Xenofobia,57,35,92
,,,,
01/08/2017 a 31/08/2017,Não classificado,0,0,0
01/08/2017 a 31/08/2017,Homofobia,73,67,140
01/08/2017 a 31/08/2017,Neo Nazismo,53,88,141
01/08/2017 a 31/08/2017,Tráfico de Pessoas,70,19,89
01/08/2017 a 31/08/2017,Apologia e Incitação a crimes contra a Vida,450,276,726
01/08/2017 a 31/08/2017,Intolerância Religiosa,51,42,93
01/08/2017 a 31/08/2017,Maus Tratos Contra Animais,28,18,46
01/08/2017 a 31/08/2017,Racismo,244,148,392
01/08/2017 a 31/08/2017,Pornografia Infantil,1866,1170,3036
01/08/2017 a 31/08/2017,Violência ou Discriminação contra Mulheres,21,33,54
01/08/2017 a 31/08/2017,Xenofobia,49,46,95
,,,,
01/09/2017 a 30/09/2017,Não classificado,0,0,0
01/09/2017 a 30/09/2017,Homofobia,88,150,238
01/09/2017 a 30/09/2017,Neo Nazismo,43,66,109
01/09/2017 a 30/09/2017,Tráfico de Pessoas,37,12,49
01/09/2017 a 30/09/2017,Apologia e Incitação a crimes contra a Vida,381,411,792
01/09/2017 a 30/09/2017,Intolerância Religiosa,59,35,94
01/09/2017 a 30/09/2017,Maus Tratos Contra Animais,19,10,29
01/09/2017 a 30/09/2017,Racismo,169,222,391
01/09/2017 a 30/09/2017,Pornografia Infantil,1981,1429,3410
01/09/2017 a 30/09/2017,Violência ou Discriminação contra Mulheres,54,15,69
01/09/2017 a 30/09/2017,Xenofobia,32,38,70
,,,,
01/10/2017 a 31/10/2017,Não classificado,0,0,0
01/10/2017 a 31/10/2017,Homofobia,56,35,91
01/10/2017 a 31/10/2017,Neo Nazismo,30,14,44
01/10/2017 a 31/10/2017,Tráfico de Pessoas,23,11,34
01/10/2017 a 31/10/2017,Apologia e Incitação a crimes contra a Vida,281,118,399
01/10/2017 a 31/10/2017,Intolerância Religiosa,62,50,112
01/10/2017 a 31/10/2017,Maus Tratos Contra Animais,49,35,84
01/10/2017 a 31/10/2017,Racismo,124,97,221
01/10/2017 a 31/10/2017,Pornografia Infantil,2424,1594,4018
01/10/2017 a 31/10/2017,Violência ou Discriminação contra Mulheres,75,24,99
01/10/2017 a 31/10/2017,Xenofobia,22,16,38
,,,,
01/11/2017 a 30/11/2017,Não classificado,0,0,0
01/11/2017 a 30/11/2017,Homofobia,49,47,96
01/11/2017 a 30/11/2017,Neo Nazismo,31,38,69
01/11/2017 a 30/11/2017,Tráfico de Pessoas,38,11,49
01/11/2017 a 30/11/2017,Apologia e Incitação a crimes contra a Vida,436,241,677
01/11/2017 a 30/11/2017,Intolerância Religiosa,31,21,52
01/11/2017 a 30/11/2017,Maus Tratos Contra Animais,44,12,56
01/11/2017 a 30/11/2017,Racismo,232,153,385
01/11/2017 a 30/11/2017,Pornografia Infantil,2169,1331,3500
01/11/2017 a 30/11/2017,Violência ou Discriminação contra Mulheres,71,26,97
01/11/2017 a 30/11/2017,Xenofobia,13,19,32
,,,,
01/12/2017 a 31/12/2017,Não classificado,0,0,0
01/12/2017 a 31/12/2017,Homofobia,48,32,80
01/12/2017 a 31/12/2017,Neo Nazismo,13,16,29
01/12/2017 a 31/12/2017,Tráfico de Pessoas,22,26,48
01/12/2017 a 31/12/2017,Apologia e Incitação a crimes contra a Vida,240,352,592
01/12/2017 a 31/12/2017,Intolerância Religiosa,44,48,92
01/12/2017 a 31/12/2017,Maus Tratos Contra Animais,40,78,118
01/12/2017 a 31/12/2017,Racismo,177,84,261
01/12/2017 a 31/12/2017,Pornografia Infantil,1859,1822,3681
01/12/2017 a 31/12/2017,Violência ou Discriminação contra Mulheres,80,36,116
01/12/2017 a 31/12/2017,Xenofobia,17,20,37
,,,,
01/01/2018 a 31/01/2018,Não classificado,0,0,0
01/01/2018 a 31/01/2018,Homofobia,70,595,665
01/01/2018 a 31/01/2018,Neo Nazismo,101,1850,1951
01/01/2018 a 31/01/2018,Tráfico de Pessoas,21,78,99
01/01/2018 a 31/01/2018,Apologia e Incitação a crimes contra a Vida,512,8771,9283
01/01/2018 a 31/01/2018,Intolerância Religiosa,57,63,120
01/01/2018 a 31/01/2018,Maus Tratos Contra Animais,51,124,175
01/01/2018 a 31/01/2018,Racismo,208,2833,3041
01/01/2018 a 31/01/2018,Pornografia Infantil,3278,16116,19394
01/01/2018 a 31/01/2018,Violência ou Discriminação contra Mulheres,280,9813,10093
01/01/2018 a 31/01/2018,Xenofobia,32,148,180
,,,,
01/02/2018 a 28/02/2018,Não classificado,0,0,0
01/02/2018 a 28/02/2018,Homofobia,55,22,77
01/02/2018 a 28/02/2018,Neo Nazismo,18,18,36
01/02/2018 a 28/02/2018,Tráfico de Pessoas,35,23,58
01/02/2018 a 28/02/2018,Apologia e Incitação a crimes contra a Vida,247,244,491
01/02/2018 a 28/02/2018,Intolerância Religiosa,28,9,37
01/02/2018 a 28/02/2018,Maus Tratos Contra Animais,25,32,57
01/02/2018 a 28/02/2018,Racismo,258,177,435
01/02/2018 a 28/02/2018,Pornografia Infantil,2245,1667,3912
01/02/2018 a 28/02/2018,Violência ou Discriminação contra Mulheres,141,182,323
01/02/2018 a 28/02/2018,Xenofobia,24,672,696
,,,,
01/03/2018 a 31/03/2018,Não classificado,0,0,0
01/03/2018 a 31/03/2018,Homofobia,65,34,99
01/03/2018 a 31/03/2018,Neo Nazismo,35,29,64
01/03/2018 a 31/03/2018,Tráfico de Pessoas,60,7,67
01/03/2018 a 31/03/2018,Apologia e Incitação a crimes contra a Vida,469,326,795
01/03/2018 a 31/03/2018,Intolerância Religiosa,27,14,41
01/03/2018 a 31/03/2018,Maus Tratos Contra Animais,31,30,61
01/03/2018 a 31/03/2018,Racismo,285,318,603
01/03/2018 a 31/03/2018,Pornografia Infantil,2182,1624,3806
01/03/2018 a 31/03/2018,Violência ou Discriminação contra Mulheres,209,155,364
01/03/2018 a 31/03/2018,Xenofobia,86,50,136
,,,,
01/04/2018 a 30/04/2018,Não classificado,0,0,0
01/04/2018 a 30/04/2018,Homofobia,36,44,80
01/04/2018 a 30/04/2018,Neo Nazismo,59,60,119
01/04/2018 a 30/04/2018,Tráfico de Pessoas,14,12,26
01/04/2018 a 30/04/2018,Apologia e Incitação a crimes contra a Vida,361,180,541
01/04/2018 a 30/04/2018,Intolerância Religiosa,40,19,59
01/04/2018 a 30/04/2018,Maus Tratos Contra Animais,67,200,267
01/04/2018 a 30/04/2018,Racismo,126,85,211
01/04/2018 a 30/04/2018,Pornografia Infantil,2177,1922,4099
01/04/2018 a 30/04/2018,Violência ou Discriminação contra Mulheres,196,154,350
01/04/2018 a 30/04/2018,Xenofobia,45,26,71
,,,,
01/05/2018 a 31/05/2018,Não classificado,0,0,0
01/05/2018 a 31/05/2018,Homofobia,66,30,96
01/05/2018 a 31/05/2018,Neo Nazismo,28,19,47
01/05/2018 a 31/05/2018,Tráfico de Pessoas,19,11,30
01/05/2018 a 31/05/2018,Apologia e Incitação a crimes contra a Vida,317,161,478
01/05/2018 a 31/05/2018,Intolerância Religiosa,38,18,56
01/05/2018 a 31/05/2018,Maus Tratos Contra Animais,40,45,85
01/05/2018 a 31/05/2018,Racismo,122,70,192
01/05/2018 a 31/05/2018,Pornografia Infantil,2120,2225,4345
01/05/2018 a 31/05/2018,Violência ou Discriminação contra Mulheres,196,471,667
01/05/2018 a 31/05/2018,Xenofobia,38,16,54
,,,,
01/06/2018 a 30/06/2018,Não classificado,0,0,0
01/06/2018 a 30/06/2018,Homofobia,91,47,138
01/06/2018 a 30/06/2018,Neo Nazismo,24,28,52
01/06/2018 a 30/06/2018,Tráfico de Pessoas,19,22,41
01/06/2018 a 30/06/2018,Apologia e Incitação a crimes contra a Vida,265,510,775
01/06/2018 a 30/06/2018,Intolerância Religiosa,39,17,56
01/06/2018 a 30/06/2018,Maus Tratos Contra Animais,20,15,35
01/06/2018 a 30/06/2018,Racismo,165,192,357
01/06/2018 a 30/06/2018,Pornografia Infantil,2158,3406,5564
01/06/2018 a 30/06/2018,Violência ou Discriminação contra Mulheres,226,370,596
01/06/2018 a 30/06/2018,Xenofobia,23,23,46
,,,,
01/07/2018 a 31/07/2018,Não classificado,0,0,0
01/07/2018 a 31/07/2018,Homofobia,101,44,145
01/07/2018 a 31/07/2018,Neo Nazismo,18,26,44
01/07/2018 a 31/07/2018,Tráfico de Pessoas,12,10,22
01/07/2018 a 31/07/2018,Apologia e Incitação a crimes contra a Vida,275,152,427
01/07/2018 a 31/07/2018,Intolerância Religiosa,39,12,51
01/07/2018 a 31/07/2018,Maus Tratos Contra Animais,21,20,41
01/07/2018 a 31/07/2018,Racismo,215,68,283
01/07/2018 a 31/07/2018,Pornografia Infantil,1964,2047,4011
01/07/2018 a 31/07/2018,Violência ou Discriminação contra Mulheres,281,258,539
01/07/2018 a 31/07/2018,Xenofobia,37,18,55
,,,,
01/08/2018 a 31/08/2018,Não classificado,0,0,0
01/08/2018 a 31/08/2018,Homofobia,72,31,103
01/08/2018 a 31/08/2018,Neo Nazismo,43,34,77
01/08/2018 a 31/08/2018,Tráfico de Pessoas,18,13,31
01/08/2018 a 31/08/2018,Apologia e Incitação a crimes contra a Vida,263,180,443
01/08/2018 a 31/08/2018,Intolerância Religiosa,49,38,87
01/08/2018 a 31/08/2018,Maus Tratos Contra Animais,38,21,59
01/08/2018 a 31/08/2018,Racismo,146,122,268
01/08/2018 a 31/08/2018,Pornografia Infantil,1974,2015,3989
01/08/2018 a 31/08/2018,Violência ou Discriminação contra Mulheres,227,356,583
01/08/2018 a 31/08/2018,Xenofobia,45,76,121
,,,,
01/09/2018 a 30/09/2018,Não classificado,8,12,20
01/09/2018 a 30/09/2018,Homofobia,179,118,297
01/09/2018 a 30/09/2018,Neo Nazismo,89,61,150
01/09/2018 a 30/09/2018,Tráfico de Pessoas,20,14,34
01/09/2018 a 30/09/2018,Apologia e Incitação a crimes contra a Vida,824,446,1270
01/09/2018 a 30/09/2018,Intolerância Religiosa,70,61,131
01/09/2018 a 30/09/2018,Maus Tratos Contra Animais,24,32,56
01/09/2018 a 30/09/2018,Racismo,227,135,362
01/09/2018 a 30/09/2018,Pornografia Infantil,2119,1913,4032
01/09/2018 a 30/09/2018,Violência ou Discriminação contra Mulheres,626,311,937
01/09/2018 a 30/09/2018,Xenofobia,57,118,175
,,,,
01/10/2018 a 31/10/2018,Não classificado,1,0,1
01/10/2018 a 31/10/2018,Homofobia,642,1626,2268
01/10/2018 a 31/10/2018,Neo Nazismo,445,1041,1486
01/10/2018 a 31/10/2018,Tráfico de Pessoas,26,20,46
01/10/2018 a 31/10/2018,Apologia e Incitação a crimes contra a Vida,3044,8941,11985
01/10/2018 a 31/10/2018,Intolerância Religiosa,198,123,321
01/10/2018 a 31/10/2018,Maus Tratos Contra Animais,25,26,51
01/10/2018 a 31/10/2018,Racismo,975,1141,2116
01/10/2018 a 31/10/2018,Pornografia Infantil,2148,1968,4116
01/10/2018 a 31/10/2018,Violência ou Discriminação contra Mulheres,771,854,1625
01/10/2018 a 31/10/2018,Xenofobia,6319,1844,8163
,,,,
01/11/2018 a 30/11/2018,Não classificado,0,0,0
01/11/2018 a 30/11/2018,Homofobia,124,99,223
01/11/2018 a 30/11/2018,Neo Nazismo,71,110,181
01/11/2018 a 30/11/2018,Tráfico de Pessoas,20,9,29
01/11/2018 a 30/11/2018,Apologia e Incitação a crimes contra a Vida,506,370,876
01/11/2018 a 30/11/2018,Intolerância Religiosa,39,7,46
01/11/2018 a 30/11/2018,Maus Tratos Contra Animais,42,108,150
01/11/2018 a 30/11/2018,Racismo,205,103,308
01/11/2018 a 30/11/2018,Pornografia Infantil,1824,1767,3591
01/11/2018 a 30/11/2018,Violência ou Discriminação contra Mulheres,265,179,444
01/11/2018 a 30/11/2018,Xenofobia,63,23,86
,,,,
01/12/2018 a 31/12/2018,Não classificado,0,0,0
01/12/2018 a 31/12/2018,Homofobia,80,41,121
01/12/2018 a 31/12/2018,Neo Nazismo,41,20,61
01/12/2018 a 31/12/2018,Tráfico de Pessoas,24,26,50
01/12/2018 a 31/12/2018,Apologia e Incitação a crimes contra a Vida,427,233,660
01/12/2018 a 31/12/2018,Intolerância Religiosa,74,23,97
01/12/2018 a 31/12/2018,Maus Tratos Contra Animais,55,67,122
01/12/2018 a 31/12/2018,Racismo,227,63,290
01/12/2018 a 31/12/2018,Pornografia Infantil,2115,1719,3834
01/12/2018 a 31/12/2018,Violência ou Discriminação contra Mulheres,313,216,529
01/12/2018 a 31/12/2018,Xenofobia,77,26,103