Domínio,Únicas,Duplicadas,Total de Denúncias,Mês,Mês Número,Ano
geocities.com,13.0,0.0,13,Janeiro,1,2006
yahoo.com,4.0,0.0,4,Janeiro,1,2006
freepichosting.info,11.0,0.0,11,Janeiro,1,2006
wol.bz,18.0,0.0,18,Janeiro,1,2006
orkut.com,204.0,1.0,205,Janeiro,1,2006
coredump.cx,17.0,0.0,17,Janeiro,1,2006
sweetsassyass.com,14.0,0.0,14,Janeiro,1,2006
msn.com,13.0,0.0,13,Janeiro,1,2006
kit.net,43.0,0.0,43,Janeiro,1,2006
pixlog.net,7.0,0.0,7,Janeiro,1,2006
hyperporno.com.br,6.0,0.0,6,Fevereiro,2,2006
ihostphotos.com,8.0,0.0,8,Fevereiro,2,2006
newstar-cherry.com,11.0,0.0,11,Fevereiro,2,2006
newstar-alisa.com,6.0,0.0,6,Fevereiro,2,2006
heaven-portal.com,34.0,0.0,34,Fevereiro,2,2006
disponivel.com,16.0,0.0,16,Fevereiro,2,2006
orkut.com,316.0,51.0,367,Fevereiro,2,2006
msn.com,24.0,0.0,24,Fevereiro,2,2006
newstar-victoria-archive.com,10.0,0.0,10,Fevereiro,2,2006
kit.net,20.0,0.0,20,Fevereiro,2,2006
elwebbs.biz,30.0,0.0,30,Março,3,2006
findnudists.com,26.0,0.0,26,Março,3,2006
flogao.com.br,18.0,0.0,18,Março,3,2006
lolita-sites.net,12.0,0.0,12,Março,3,2006
nextlittle.com,18.0,0.0,18,Março,3,2006
orkut.com,1194.0,911.0,2105,Março,3,2006
uol.com.br,11.0,1.0,12,Março,3,2006
mujweb.cz,9.0,78.0,87,Março,3,2006
msn.com,12.0,0.0,12,Março,3,2006
terra.com.br,8.0,6.0,14,Abril,4,2006
fotoplenka.ru,13.0,0.0,13,Abril,4,2006
geocities.com,6.0,0.0,6,Abril,4,2006
mercadolivre.com.br,11.0,0.0,11,Abril,4,2006
rapidshare.de,51.0,5.0,56,Abril,4,2006
flogao.com.br,15.0,2.0,17,Abril,4,2006
orkut.com,3992.0,8567.0,12559,Abril,4,2006
uol.com.br,9.0,0.0,9,Abril,4,2006
ecstazy.biz,6.0,1.0,7,Abril,4,2006
terra.com.br,7.0,3.0,10,Maio,5,2006
geocities.com,3.0,1.0,4,Maio,5,2006
rapidshare.de,15.0,1.0,16,Maio,5,2006
flogao.com.br,15.0,1.0,16,Maio,5,2006
0bbs.jp,4.0,0.0,4,Maio,5,2006
megashares.com,16.0,0.0,16,Maio,5,2006
orkut.com,3336.0,9355.0,12691,Maio,5,2006
uol.com.br,13.0,3.0,16,Maio,5,2006
pcforum.com.br,4.0,0.0,4,Maio,5,2006
lo-fantasy.com,7.0,0.0,7,Junho,6,2006
youtube.com,4.0,1.0,5,Junho,6,2006
repon.info,17.0,1.0,18,Junho,6,2006
geocities.com,10.0,15.0,25,Junho,6,2006
firstundress.com,10.0,0.0,10,Junho,6,2006
porkyhost.com,4.0,5.0,9,Junho,6,2006
flogao.com.br,5.0,2.0,7,Junho,6,2006
fotolog.com,8.0,3.0,11,Junho,6,2006
orkut.com,3724.0,19783.0,23507,Junho,6,2006
sexolandia.org,14.0,0.0,14,Julho,7,2006
lolparad.com,6.0,33.0,39,Julho,7,2006
c700.com,5.0,7.0,12,Julho,7,2006
youtube.com,5.0,0.0,5,Julho,7,2006
imageshack.us,7.0,41.0,48,Julho,7,2006
fotolog.com,6.0,3.0,9,Julho,7,2006
newpussypics.com,4.0,2.0,6,Julho,7,2006
orkut.com,3833.0,23311.0,27144,Julho,7,2006
uol.com.br,9.0,86.0,95,Julho,7,2006
ecstazy.info,4.0,0.0,4,Agosto,8,2006
youtube.com,8.0,0.0,8,Agosto,8,2006
ig.com.br,5.0,4.0,9,Agosto,8,2006
flogao.com.br,5.0,2.0,7,Agosto,8,2006
fotolog.com,4.0,7.0,11,Agosto,8,2006
girls2006.info,4.0,0.0,4,Agosto,8,2006
lo2006.com,6.0,1.0,7,Agosto,8,2006
orkut.com,3010.0,26804.0,29814,Agosto,8,2006
uol.com.br,5.0,44.0,49,Agosto,8,2006
lolparad.com,7.0,22.0,29,Setembro,9,2006
reflexteens.com,3.0,64.0,67,Setembro,9,2006
youtube.com,4.0,0.0,4,Setembro,9,2006
torperkut.com,5.0,0.0,5,Setembro,9,2006
ig.com.br,4.0,1.0,5,Setembro,9,2006
flogao.com.br,10.0,0.0,10,Setembro,9,2006
wwworkut.com,5.0,1.0,6,Setembro,9,2006
orkut.com,3057.0,47803.0,50860,Setembro,9,2006
uol.com.br,11.0,2.0,13,Setembro,9,2006
ecstazy.info,4.0,0.0,4,Outubro,10,2006
cutelitt.com,4.0,1.0,5,Outubro,10,2006
youtube.com,19.0,105.0,124,Outubro,10,2006
geocities.com,4.0,2.0,6,Outubro,10,2006
ig.com.br,6.0,1.0,7,Outubro,10,2006
flogao.com.br,8.0,1.0,9,Outubro,10,2006
yahoo.com,9.0,1.0,10,Outubro,10,2006
orkut.com,3576.0,51443.0,55019,Outubro,10,2006
uol.com.br,15.0,1.0,16,Outubro,10,2006
cutelitt.com,14.0,8.0,22,Novembro,11,2006
youtube.com,16.0,150.0,166,Novembro,11,2006
repon.info,6.0,8.0,14,Novembro,11,2006
geocities.com,11.0,14.0,25,Novembro,11,2006
fotolog.com,8.0,9.0,17,Novembro,11,2006
giroskopes.com,6.0,8.0,14,Novembro,11,2006
orkut.com,4126.0,64592.0,68718,Novembro,11,2006
gazzag.com,6.0,45.0,51,Novembro,11,2006
kit.net,5.0,2.0,7,Novembro,11,2006
teenteen.biz,6.0,6.0,12,Dezembro,12,2006
terra.com.br,4.0,3.0,7,Dezembro,12,2006
ig.com.br,6.0,6.0,12,Dezembro,12,2006
flogao.com.br,3.0,1.0,4,Dezembro,12,2006
fotolog.com,6.0,0.0,6,Dezembro,12,2006
3.122,19.0,4.0,23,Dezembro,12,2006
orkut.com,3414.0,38171.0,41585,Dezembro,12,2006
uol.com.br,12.0,8.0,20,Dezembro,12,2006
lustgal.com,3.0,42.0,45,Dezembro,12,2006
prisex.com,8.0,1.0,9,Janeiro,1,2007
youtube.com,13.0,3.0,16,Janeiro,1,2007
ig.com.br,5.0,5.0,10,Janeiro,1,2007
uolk.com.br,17.0,2.0,19,Janeiro,1,2007
mclt-sites.net,17.0,0.0,17,Janeiro,1,2007
orkut.com,3261.0,28816.0,32077,Janeiro,1,2007
uol.com.br,24.0,3.0,27,Janeiro,1,2007
vivos.com.br,6.0,2.0,8,Janeiro,1,2007
manuzinha.com,11.0,3.0,14,Janeiro,1,2007
cuteloblog.com,6.0,8.0,14,Janeiro,1,2007
whiterevolution-ne.org,15.0,2.0,17,Fevereiro,2,2007
youtube.com,68.0,32.0,100,Fevereiro,2,2007
pornotube.com,40.0,4.0,44,Fevereiro,2,2007
ig.com.br,9.0,3.0,12,Fevereiro,2,2007
wwworkut.com,22.0,1.0,23,Fevereiro,2,2007
uolk.com.br,9.0,4.0,13,Fevereiro,2,2007
orkut.com,2768.0,24064.0,26832,Fevereiro,2,2007
uol.com.br,27.0,15.0,42,Fevereiro,2,2007
www.orkutcom,8.0,0.0,8,Fevereiro,2,2007
imagefap.com,7.0,0.0,7,Fevereiro,2,2007
zip.net,8.0,7.0,15,Março,3,2007
youtube.com,10.0,70.0,80,Março,3,2007
pornotube.com,64.0,27.0,91,Março,3,2007
ig.com.br,7.0,1.0,8,Março,3,2007
wwworkut.com,212.0,22.0,234,Março,3,2007
uolk.com.br,8.0,2.0,10,Março,3,2007
orkut.com,3959.0,35130.0,39089,Março,3,2007
uol.com.br,18.0,13.0,31,Março,3,2007
orku.com,23.0,0.0,23,Março,3,2007
youtube.com,13.0,8.0,21,Abril,4,2007
magicvideo.biz,6.0,5.0,11,Abril,4,2007
yahoo.com,7.0,1.0,8,Abril,4,2007
livedoor.jp,8.0,1.0,9,Abril,4,2007
mclt-sites.net,11.0,67.0,78,Abril,4,2007
orkut.com,4840.0,39328.0,44168,Abril,4,2007
uol.com.br,36.0,24.0,60,Abril,4,2007
www.com,8.0,0.0,8,Abril,4,2007
imagefap.com,9.0,0.0,9,Abril,4,2007
youtube.com,20.0,5.0,25,Maio,5,2007
orkut.com,5697.0,55970.0,61667,Maio,5,2007
uol.com.br,63.0,29.0,92,Maio,5,2007
littlelupe.com,11.0,0.0,11,Maio,5,2007
lolita2007.com,12.0,18.0,30,Maio,5,2007
locollection.com,8.0,30.0,38,Maio,5,2007
thecrazypedo.com,23.0,1002.0,1025,Maio,5,2007
www.com,9.0,1.0,10,Maio,5,2007
ygirlz.info,7.0,9.0,16,Maio,5,2007
youtube.com,26.0,31.0,57,Junho,6,2007
lolalist.info,24.0,151.0,175,Junho,6,2007
imageshack.us,11.0,36.0,47,Junho,6,2007
yahoo.com,18.0,0.0,18,Junho,6,2007
4shared.com,10.0,15.0,25,Junho,6,2007
luziduef.com,17.0,1.0,18,Junho,6,2007
plola.com,7.0,21.0,28,Junho,6,2007
orkut.com,5653.0,64322.0,69975,Junho,6,2007
uol.com.br,47.0,17.0,64,Junho,6,2007
nafoto.net,7.0,6.0,13,Julho,7,2007
youtube.com,15.0,8.0,23,Julho,7,2007
depositfiles.com,24.0,3.0,27,Julho,7,2007
geocities.com,12.0,1.0,13,Julho,7,2007
imageshack.us,9.0,8.0,17,Julho,7,2007
rapidshare.com,7.0,0.0,7,Julho,7,2007
orkut.com,5123.0,71123.0,76246,Julho,7,2007
uol.com.br,33.0,13.0,46,Julho,7,2007
littlelupe.com,7.0,4.0,11,Julho,7,2007
imgsrc.ru,9.0,2.0,11,Julho,7,2007
youtube.com,17.0,7.0,24,Agosto,8,2007
pornotube.com,8.0,4.0,12,Agosto,8,2007
imageshack.us,20.0,42.0,62,Agosto,8,2007
yahoo.com,14.0,9.0,23,Agosto,8,2007
powerscrap.com,43.0,60.0,103,Agosto,8,2007
orkut.com,4722.0,61546.0,66268,Agosto,8,2007
uol.com.br,23.0,22.0,45,Agosto,8,2007
blogger.com,9.0,28.0,37,Agosto,8,2007
chueca.com,21.0,12.0,33,Agosto,8,2007
orkut.com.br,8.0,4.0,12,Agosto,8,2007
youtube.com,13.0,2.0,15,Setembro,9,2007
yahoo.com,22.0,4.0,26,Setembro,9,2007
glamour-new-preview.com,15.0,23.0,38,Setembro,9,2007
powerscrap.com,31.0,113.0,144,Setembro,9,2007
rapidshare.com,8.0,0.0,8,Setembro,9,2007
orkut.com,4269.0,44106.0,48375,Setembro,9,2007
uol.com.br,41.0,15.0,56,Setembro,9,2007
orku.com,7.0,0.0,7,Setembro,9,2007
www.com,14.0,9.0,23,Setembro,9,2007
nafoto.net,8.0,0.0,8,Outubro,10,2007
youtube.com,15.0,0.0,15,Outubro,10,2007
imageshack.us,12.0,2.0,14,Outubro,10,2007
ucgalleries.com,16.0,25.0,41,Outubro,10,2007
rapidshare.com,7.0,0.0,7,Outubro,10,2007
clickgratis.com.br,53.0,5.0,58,Outubro,10,2007
orkut.com,4410.0,33542.0,37952,Outubro,10,2007
uol.com.br,42.0,24.0,66,Outubro,10,2007
www.orkutcom,19.0,0.0,19,Outubro,10,2007
www.com,113.0,93.0,206,Outubro,10,2007
pedia.ws,4.0,0.0,4,Novembro,11,2007
euodeioomerdil.blogspot.com,5.0,8.0,13,Novembro,11,2007
nafoto.net,9.0,10.0,19,Novembro,11,2007
youtube.com,13.0,1.0,14,Novembro,11,2007
imageshack.us,4.0,0.0,4,Novembro,11,2007
orkut.com,6792.0,51660.0,58452,Novembro,11,2007
uol.com.br,46.0,140.0,186,Novembro,11,2007
blboys.com,4.0,3.0,7,Novembro,11,2007
wikipedia.org.br,4.0,1.0,5,Novembro,11,2007
paran.com,8.0,50.0,58,Dezembro,12,2007
youtube.com,18.0,1.0,19,Dezembro,12,2007
imageshack.us,6.0,0.0,6,Dezembro,12,2007
rapidshare.com,8.0,0.0,8,Dezembro,12,2007
flickr.com,5.0,28.0,33,Dezembro,12,2007
110mb.com,24.0,5.0,29,Dezembro,12,2007
orkut.com,4684.0,34778.0,39462,Dezembro,12,2007
uol.com.br,32.0,20.0,52,Dezembro,12,2007
imagebam.com,7.0,18.0,25,Dezembro,12,2007
imgsrc.ru,9.0,8.0,17,Dezembro,12,2007
youtube.com,18.0,10.0,28,Janeiro,1,2008
powerscrap.com,28.0,0.0,28,Janeiro,1,2008
solsem.org,29.0,4.0,33,Janeiro,1,2008
110mb.com,66.0,60.0,126,Janeiro,1,2008
orkut.com,5614.0,37347.0,42961,Janeiro,1,2008
uol.com.br,42.0,23.0,65,Janeiro,1,2008
chueca.com,16.0,8.0,24,Janeiro,1,2008
lustbare.info,9.0,13.0,22,Janeiro,1,2008
imagefap.com,15.0,0.0,15,Janeiro,1,2008
imgsrc.ru,11.0,18.0,29,Janeiro,1,2008
youtube.com,10.0,3.0,13,Fevereiro,2,2008
imageshack.us,16.0,2.0,18,Fevereiro,2,2008
uploadqueen.com,11.0,6.0,17,Fevereiro,2,2008
usercash.com,25.0,0.0,25,Fevereiro,2,2008
orkut.com,6027.0,31666.0,37693,Fevereiro,2,2008
uol.com.br,35.0,31.0,66,Fevereiro,2,2008
chueca.com,11.0,4.0,15,Fevereiro,2,2008
imagevenue.com,12.0,0.0,12,Fevereiro,2,2008
imagefap.com,17.0,1.0,18,Fevereiro,2,2008
imgsrc.ru,30.0,2.0,32,Fevereiro,2,2008
nijiura.com,5.0,4.0,9,Março,3,2008
youtube.com,23.0,5.0,28,Março,3,2008
dreamwiz.com,6.0,1.0,7,Março,3,2008
ig.com.br,6.0,0.0,6,Março,3,2008
mclt-sites.net,5.0,3.0,8,Março,3,2008
110mb.com,6.0,31.0,37,Março,3,2008
orkut.com,5559.0,34562.0,40121,Março,3,2008
uol.com.br,27.0,15.0,42,Março,3,2008
imagevenue.com,7.0,0.0,7,Março,3,2008
imagefap.com,10.0,1.0,11,Março,3,2008
youtube.com,16.0,3.0,19,Abril,4,2008
orkut.com,6129.0,35645.0,41774,Abril,4,2008
uol.com.br,25.0,19.0,44,Abril,4,2008
magazine-fashion.net,7.0,12.0,19,Abril,4,2008
orkut.com.br,82.0,23.0,105,Abril,4,2008
freewebs.com,7.0,32.0,39,Abril,4,2008
vipzax.com,8.0,1.0,9,Abril,4,2008
imagevenue.com,7.0,5.0,12,Abril,4,2008
imagefap.com,8.0,0.0,8,Abril,4,2008
youtube.com,27.0,10.0,37,Maio,5,2008
lopix.net,7.0,1.0,8,Maio,5,2008
imageshack.us,8.0,0.0,8,Maio,5,2008
google.com,17.0,2.0,19,Maio,5,2008
orkut.com,6407.0,46927.0,53334,Maio,5,2008
uol.com.br,31.0,16.0,47,Maio,5,2008
orkut.com.br,722.0,674.0,1396,Maio,5,2008
vipzax.com,13.0,5.0,18,Maio,5,2008
imgsrc.ru,19.0,5.0,24,Maio,5,2008
youtube.com,43.0,13.0,56,Junho,6,2008
yahoo.com,13.0,0.0,13,Junho,6,2008
rapidshare.com,7.0,10.0,17,Junho,6,2008
uploadqueen.com,21.0,1.0,22,Junho,6,2008
orkut.com,3649.0,35464.0,39113,Junho,6,2008
uol.com.br,68.0,15.0,83,Junho,6,2008
belezaadolescente.blogspot.com,7.0,31.0,38,Junho,6,2008
orkut.com.br,5932.0,23503.0,29435,Junho,6,2008
ucoz.ru,10.0,0.0,10,Junho,6,2008
vipzax.com,9.0,29.0,38,Junho,6,2008
youtube.com,64.0,18.0,82,Julho,7,2008
orkut.com,831.0,23201.0,24032,Julho,7,2008
uol.com.br,113.0,20.0,133,Julho,7,2008
orkut.com.br,8433.0,38855.0,47288,Julho,7,2008
yourfilehost.com,9.0,0.0,9,Julho,7,2008
vipzax.com,11.0,1.0,12,Julho,7,2008
gostosastube.com.br,25.0,7.0,32,Julho,7,2008
imagefap.com,8.0,0.0,8,Julho,7,2008
imgsrc.ru,14.0,1.0,15,Julho,7,2008
youtube.com,11.0,4.0,15,Agosto,8,2008
imageshack.us,5.0,3.0,8,Agosto,8,2008
sexpornhost.com,8.0,3.0,11,Agosto,8,2008
clickgratis.com.br,6.0,0.0,6,Agosto,8,2008
orkut.com,184.0,13218.0,13402,Agosto,8,2008
uol.com.br,85.0,16.0,101,Agosto,8,2008
badongo.com,7.0,0.0,7,Agosto,8,2008
sofuckingfunny.com,6.0,0.0,6,Agosto,8,2008
orkut.com.br,6437.0,36474.0,42911,Agosto,8,2008
imgsrc.ru,12.0,3.0,15,Agosto,8,2008
youtube.com,31.0,4.0,35,Setembro,9,2008
sexypix.biz,8.0,0.0,8,Setembro,9,2008
viplox.com,17.0,1.0,18,Setembro,9,2008
lo-reality.cn,11.0,0.0,11,Setembro,9,2008
orkut.com,153.0,9913.0,10066,Setembro,9,2008
uol.com.br,70.0,6.0,76,Setembro,9,2008
sofuckingfunny.com,31.0,6.0,37,Setembro,9,2008
greatestsites.biz,11.0,0.0,11,Setembro,9,2008
orkut.com.br,6029.0,36858.0,42887,Setembro,9,2008
imgsrc.ru,11.0,3.0,14,Setembro,9,2008
youtube.com,64.0,4.0,68,Outubro,10,2008
dreamwiz.com,16.0,15.0,31,Outubro,10,2008
yahoo.com,10.0,0.0,10,Outubro,10,2008
orkut.com,514.0,8348.0,8862,Outubro,10,2008
uol.com.br,128.0,15.0,143,Outubro,10,2008
bian.in,43.0,9.0,52,Outubro,10,2008
badongo.com,20.0,0.0,20,Outubro,10,2008
orkut.com.br,6465.0,27965.0,34430,Outubro,10,2008
redtube.com,11.0,2.0,13,Outubro,10,2008
naturistfreedom.com,9.0,18.0,27,Novembro,11,2008
youtube.com,43.0,16.0,59,Novembro,11,2008
carlpotterfoll.cn,16.0,4.0,20,Novembro,11,2008
orkut.com,272.0,7708.0,7980,Novembro,11,2008
uol.com.br,118.0,18.0,136,Novembro,11,2008
orkut.com.br,6067.0,26431.0,32498,Novembro,11,2008
nqsix.com,7.0,4.0,11,Novembro,11,2008
lolpix.cn,9.0,0.0,9,Novembro,11,2008
tremworldspicturey.blogspot.com,37.0,8985.0,9022,Novembro,11,2008
xvideos.com,11.0,1.0,12,Dezembro,12,2008
youtube.com,12.0,1.0,13,Dezembro,12,2008
imageshack.us,14.0,0.0,14,Dezembro,12,2008
yahoo.com,8.0,1.0,9,Dezembro,12,2008
4shared.com,32.0,11.0,43,Dezembro,12,2008
orkut.com,321.0,5384.0,5705,Dezembro,12,2008
uol.com.br,116.0,18.0,134,Dezembro,12,2008
orkut.com.br,4838.0,19209.0,24047,Dezembro,12,2008
imagefap.com,10.0,1.0,11,Dezembro,12,2008
winterarea.net,6.0,0.0,6,Janeiro,1,2009
youtube.com,15.0,21.0,36,Janeiro,1,2009
imageshack.us,8.0,0.0,8,Janeiro,1,2009
sapo.pt,7.0,2.0,9,Janeiro,1,2009
4shared.com,6.0,4.0,10,Janeiro,1,2009
orkut.com,381.0,4948.0,5329,Janeiro,1,2009
uol.com.br,132.0,18.0,150,Janeiro,1,2009
orkut.com.br,4965.0,19755.0,24720,Janeiro,1,2009
imagebam.com,7.0,15.0,22,Janeiro,1,2009
orkut.cobr,17.0,0.0,17,Fevereiro,2,2009
c.br,15.0,0.0,15,Fevereiro,2,2009
co.br,1605.0,1475.0,3080,Fevereiro,2,2009
youtube.com,51.0,2.0,53,Fevereiro,2,2009
orkut.br,27.0,0.0,27,Fevereiro,2,2009
orkut.com,842.0,6331.0,7173,Fevereiro,2,2009
uol.com.br,120.0,25.0,145,Fevereiro,2,2009
orkut.com.br,4958.0,19886.0,24844,Fevereiro,2,2009
orkut.co,445.0,281.0,726,Fevereiro,2,2009
orku.com.br,13.0,1.0,14,Março,3,2009
co.br,377.0,328.0,705,Março,3,2009
youtube.com,85.0,9.0,94,Março,3,2009
m.br,13.0,3.0,16,Março,3,2009
4shared.com,45.0,25.0,70,Março,3,2009
orkut.com,612.0,7087.0,7699,Março,3,2009
uol.com.br,93.0,18.0,111,Março,3,2009
orkut.com.br,6421.0,30227.0,36648,Março,3,2009
orkut.co,81.0,45.0,126,Março,3,2009
orku.com.br,14.0,0.0,14,Abril,4,2009
youtube.com,63.0,4.0,67,Abril,4,2009
100nonude.com,9.0,6.0,15,Abril,4,2009
4shared.com,36.0,4.0,40,Abril,4,2009
orkut.com,624.0,6120.0,6744,Abril,4,2009
uol.com.br,102.0,17.0,119,Abril,4,2009
orkut.com.br,5569.0,32837.0,38406,Abril,4,2009
wordpress.com,13.0,7.0,20,Abril,4,2009
world-collections.com,10.0,3.0,13,Abril,4,2009
orku.com.br,25.0,0.0,25,Maio,5,2009
youtube.com,88.0,4.0,92,Maio,5,2009
4shared.com,35.0,8.0,43,Maio,5,2009
orkut.com,322.0,5345.0,5667,Maio,5,2009
uol.com.br,108.0,15.0,123,Maio,5,2009
orkut.com.br,5699.0,40263.0,45962,Maio,5,2009
imagebam.com,18.0,10.0,28,Maio,5,2009
wordpress.com,13.0,5.0,18,Maio,5,2009
vilabol.com.br,16.0,0.0,16,Maio,5,2009
xvideos.com,12.0,3.0,15,Junho,6,2009
youtube.com,49.0,17.0,66,Junho,6,2009
yahoo.com,29.0,7.0,36,Junho,6,2009
4shared.com,12.0,8.0,20,Junho,6,2009
orkut.com,294.0,5781.0,6075,Junho,6,2009
uol.com.br,106.0,14.0,120,Junho,6,2009
orkut.com.br,4961.0,35940.0,40901,Junho,6,2009
wordpress.com,23.0,71.0,94,Junho,6,2009
lolpix.cn,8.0,4.0,12,Junho,6,2009
youtube.com,84.0,89.0,173,Julho,7,2009
yahoo.com,27.0,0.0,27,Julho,7,2009
4shared.com,23.0,33.0,56,Julho,7,2009
orkut.com,271.0,3999.0,4270,Julho,7,2009
uol.com.br,136.0,137.0,273,Julho,7,2009
orkut.com.br,5421.0,35139.0,40560,Julho,7,2009
wordpress.com,15.0,6.0,21,Julho,7,2009
50webs.com,14.0,2.0,16,Julho,7,2009
imgsrc.ru,14.0,6.0,20,Julho,7,2009
youtube.com,81.0,15.0,96,Agosto,8,2009
yahoo.com,12.0,0.0,12,Agosto,8,2009
4shared.com,19.0,0.0,19,Agosto,8,2009
orkut.com,906.0,4641.0,5547,Agosto,8,2009
uol.com.br,119.0,35.0,154,Agosto,8,2009
twitter.com,10.0,24.0,34,Agosto,8,2009
orkut.com.br,4924.0,28267.0,33191,Agosto,8,2009
wordpress.com,13.0,2.0,15,Agosto,8,2009
50webs.com,21.0,2.0,23,Agosto,8,2009
youtube.com,88.0,14.0,102,Setembro,9,2009
imageboard4free.com,15.0,0.0,15,Setembro,9,2009
4shared.com,17.0,34.0,51,Setembro,9,2009
orkut.com,697.0,2866.0,3563,Setembro,9,2009
uol.com.br,101.0,32.0,133,Setembro,9,2009
orkut.com.br,5265.0,28907.0,34172,Setembro,9,2009
wordpress.com,16.0,5.0,21,Setembro,9,2009
50webs.com,26.0,4.0,30,Setembro,9,2009
cyanidesuicide.com,20.0,0.0,20,Setembro,9,2009
youtube.com,105.0,101.0,206,Outubro,10,2009
bestzona.ru,20.0,0.0,20,Outubro,10,2009
radikal.ru,30.0,0.0,30,Outubro,10,2009
orkut.co.in,28.0,0.0,28,Outubro,10,2009
yahoo.com,14.0,11.0,25,Outubro,10,2009
orkut.com,593.0,3707.0,4300,Outubro,10,2009
uol.com.br,113.0,32.0,145,Outubro,10,2009
orkut.com.br,4179.0,29455.0,33634,Outubro,10,2009
wordpress.com,17.0,2.0,19,Outubro,10,2009
youtube.com,78.0,62.0,140,Novembro,11,2009
brownallbe45.com,33.0,2.0,35,Novembro,11,2009
tokario.com,27.0,0.0,27,Novembro,11,2009
co.cc,20.0,12.0,32,Novembro,11,2009
orkut.com,216.0,2368.0,2584,Novembro,11,2009
uol.com.br,128.0,27.0,155,Novembro,11,2009
orkut.com.br,4366.0,24534.0,28900,Novembro,11,2009
lollysweet.cn,34.0,7.0,41,Novembro,11,2009
wordpress.com,30.0,22.0,52,Novembro,11,2009
youtube.com,79.0,18.0,97,Dezembro,12,2009
brownallbe45.com,26.0,0.0,26,Dezembro,12,2009
yahoo.com,22.0,0.0,22,Dezembro,12,2009
4shared.com,25.0,4.0,29,Dezembro,12,2009
uol.com.br,142.0,28.0,170,Dezembro,12,2009
orkut.com,105.0,2096.0,2201,Dezembro,12,2009
orkut.com.br,3493.0,20993.0,24486,Dezembro,12,2009
lollysweet.cn,16.0,0.0,16,Dezembro,12,2009
wordpress.com,29.0,53.0,82,Dezembro,12,2009
youtube.com,63.0,18.0,81,Janeiro,1,2010
brownallbe45.com,21.0,2.0,23,Janeiro,1,2010
yahoo.com,53.0,6.0,59,Janeiro,1,2010
4shared.com,38.0,6.0,44,Janeiro,1,2010
orkut.com,240.0,2520.0,2760,Janeiro,1,2010
uol.com.br,138.0,57.0,195,Janeiro,1,2010
orkut.com.br,3839.0,26210.0,30049,Janeiro,1,2010
wordpress.com,16.0,40.0,56,Janeiro,1,2010
50webs.com,12.0,16.0,28,Janeiro,1,2010
fresh-girls.net,24.0,23.0,47,Fevereiro,2,2010
youtube.com,31.0,22.0,53,Fevereiro,2,2010
4shared.com,15.0,7.0,22,Fevereiro,2,2010
orkut.com,350.0,1245.0,1595,Fevereiro,2,2010
uol.com.br,28.0,13.0,41,Fevereiro,2,2010
orkut.com.br,2705.0,13005.0,15710,Fevereiro,2,2010
wordpress.com,11.0,32.0,43,Fevereiro,2,2010
50webs.com,24.0,9.0,33,Fevereiro,2,2010
imagefap.com,22.0,1.0,23,Fevereiro,2,2010
xvideos.com,20.0,11.0,31,Março,3,2010
youtube.com,54.0,41.0,95,Março,3,2010
tagged.com,20.0,0.0,20,Março,3,2010
4shared.com,29.0,5.0,34,Março,3,2010
orkut.com,659.0,2209.0,2868,Março,3,2010
uol.com.br,46.0,24.0,70,Março,3,2010
twitter.com,22.0,558.0,580,Março,3,2010
orkut.com.br,3377.0,22711.0,26088,Março,3,2010
imagebam.com,22.0,2.0,24,Março,3,2010
youtube.com,142.0,23.0,165,Abril,4,2010
live.com,149.0,221.0,370,Abril,4,2010
bestlolasite.com,90.0,0.0,90,Abril,4,2010
orkut.com,2899.0,8007.0,10906,Abril,4,2010
uol.com.br,62.0,26.0,88,Abril,4,2010
ning.com,102.0,52.0,154,Abril,4,2010
greatestsites.biz,74.0,1.0,75,Abril,4,2010
orkut.com.br,3581.0,25875.0,29456,Abril,4,2010
imagefap.com,140.0,4.0,144,Abril,4,2010
darkpix.ws,90.0,90.0,180,Abril,4,2010
terra.com.br,224.0,4.0,228,Maio,5,2010
formspring.me,71.0,199.0,270,Maio,5,2010
xvideos.com,23.0,13.0,36,Maio,5,2010
youtube.com,64.0,43.0,107,Maio,5,2010
yahoo.com,48.0,1.0,49,Maio,5,2010
orkut.com,1573.0,6885.0,8458,Maio,5,2010
uol.com.br,29.0,20.0,49,Maio,5,2010
msn.com,285.0,3.0,288,Maio,5,2010
orkut.com.br,3242.0,16181.0,19423,Maio,5,2010
formspring.me,22.0,43.0,65,Junho,6,2010
xvideos.com,37.0,29.0,66,Junho,6,2010
youtube.com,45.0,24.0,69,Junho,6,2010
co.tv,26.0,32.0,58,Junho,6,2010
hipersocial.com,25.0,1.0,26,Junho,6,2010
4shared.com,18.0,9.0,27,Junho,6,2010
orkut.com,959.0,3984.0,4943,Junho,6,2010
uol.com.br,32.0,30.0,62,Junho,6,2010
orkut.com.br,3748.0,13453.0,17201,Junho,6,2010
imagefap.com,19.0,0.0,19,Junho,6,2010
formspring.me,37.0,25.0,62,Julho,7,2010
youtube.com,82.0,55.0,137,Julho,7,2010
zoofiliadog.blogspot.com,37.0,117.0,154,Julho,7,2010
4shared.com,39.0,36.0,75,Julho,7,2010
orkut.com,899.0,2600.0,3499,Julho,7,2010
uol.com.br,30.0,8.0,38,Julho,7,2010
livestream.com,28.0,15.0,43,Julho,7,2010
twitter.com,28.0,20.0,48,Julho,7,2010
orkut.com.br,3608.0,14421.0,18029,Julho,7,2010
youtube.com,83.0,35.0,118,Agosto,8,2010
repon.info,52.0,0.0,52,Agosto,8,2010
artn-models.info,72.0,23310.0,23382,Agosto,8,2010
fw.nu,47.0,0.0,47,Agosto,8,2010
4shared.com,43.0,8.0,51,Agosto,8,2010
orkut.com,1298.0,3640.0,4938,Agosto,8,2010
uol.com.br,50.0,17.0,67,Agosto,8,2010
orkut.com.br,3166.0,16240.0,19406,Agosto,8,2010
otelix.biz,45.0,0.0,45,Agosto,8,2010
ce.ro,60.0,0.0,60,Agosto,8,2010
archive.org,27.0,2.0,29,Setembro,9,2010
formspring.me,29.0,36.0,65,Setembro,9,2010
facebook.com,39.0,95.0,134,Setembro,9,2010
youtube.com,84.0,41.0,125,Setembro,9,2010
4shared.com,32.0,7.0,39,Setembro,9,2010
orkut.com,996.0,3725.0,4721,Setembro,9,2010
uol.com.br,35.0,31.0,66,Setembro,9,2010
twitter.com,25.0,9.0,34,Setembro,9,2010
orkut.com.br,2562.0,15921.0,18483,Setembro,9,2010
imgsrc.ru,30.0,11.0,41,Setembro,9,2010
formspring.me,49.0,67.0,116,Outubro,10,2010
youtube.com,108.0,38.0,146,Outubro,10,2010
4shared.com,63.0,184.0,247,Outubro,10,2010
orkut.com,419.0,1206.0,1625,Outubro,10,2010
uol.com.br,38.0,22.0,60,Outubro,10,2010
livestream.com,49.0,45.0,94,Outubro,10,2010
twitter.com,56.0,21.0,77,Outubro,10,2010
orkut.com.br,2857.0,15153.0,18010,Outubro,10,2010
imgsrc.ru,67.0,29.0,96,Outubro,10,2010
facebook.com,93.0,22.0,115,Novembro,11,2010
youtube.com,137.0,286.0,423,Novembro,11,2010
twitpic.com,71.0,785.0,856,Novembro,11,2010
orkut.com,157.0,533.0,690,Novembro,11,2010
bp.blogspot.com,77.0,166.0,243,Novembro,11,2010
uol.com.br,50.0,11.0,61,Novembro,11,2010
twitter.com,1914.0,14623.0,16537,Novembro,11,2010
orkut.com.br,2940.0,15868.0,18808,Novembro,11,2010
imgsrc.ru,60.0,12.0,72,Novembro,11,2010
formspring.me,37.0,35.0,72,Dezembro,12,2010
facebook.com,21.0,7.0,28,Dezembro,12,2010
youtube.com,95.0,54.0,149,Dezembro,12,2010
orkut.com,31.0,441.0,472,Dezembro,12,2010
uol.com.br,25.0,9.0,34,Dezembro,12,2010
livestream.com,27.0,9.0,36,Dezembro,12,2010
twitter.com,245.0,5967.0,6212,Dezembro,12,2010
orkut.com.br,1716.0,10614.0,12330,Dezembro,12,2010
imgsrc.ru,28.0,3.0,31,Dezembro,12,2010
formspring.me,37.0,23.0,60,Janeiro,1,2011
extabit.com,26.0,1.0,27,Janeiro,1,2011
facebook.com,32.0,6.0,38,Janeiro,1,2011
youtube.com,89.0,35.0,124,Janeiro,1,2011
orkut.com,13628.0,323.0,13951,Janeiro,1,2011
uol.com.br,38.0,75.0,113,Janeiro,1,2011
livestream.com,32.0,8.0,40,Janeiro,1,2011
twitter.com,155.0,755.0,910,Janeiro,1,2011
orkut.com.br,2060.0,8961.0,11021,Janeiro,1,2011
imagefap.com,46.0,0.0,46,Janeiro,1,2011
formspring.me,56.0,267.0,323,Fevereiro,2,2011
facebook.com,32.0,9.0,41,Fevereiro,2,2011
youtube.com,115.0,37.0,152,Fevereiro,2,2011
yahoo.com,22.0,15.0,37,Fevereiro,2,2011
uol.com.br,50.0,25.0,75,Fevereiro,2,2011
orkut.com,27.0,327.0,354,Fevereiro,2,2011
livestream.com,24.0,16.0,40,Fevereiro,2,2011
twitter.com,143.0,234.0,377,Fevereiro,2,2011
orkut.com.br,2275.0,11806.0,14081,Fevereiro,2,2011
imgsrc.ru,52.0,5.0,57,Fevereiro,2,2011
formspring.me,33.0,19.0,52,Março,3,2011
facebook.com,53.0,22.0,75,Março,3,2011
youtube.com,101.0,104.0,205,Março,3,2011
yahoo.com,25.0,5.0,30,Março,3,2011
orkut.com,47.0,239.0,286,Março,3,2011
twitter.com,156.0,458.0,614,Março,3,2011
orkut.com.br,1414.0,7028.0,8442,Março,3,2011
imgsru.ru,21.0,0.0,21,Março,3,2011
imagearn.com,26.0,2.0,28,Março,3,2011
imgsrc.ru,262.0,8.0,270,Março,3,2011
facebook.com,139.0,290.0,429,Abril,4,2011
youtube.com,126.0,73.0,199,Abril,4,2011
nm.ru,41.0,0.0,41,Abril,4,2011
orkut.co.in,40.0,15.0,55,Abril,4,2011
yahoo.com,53.0,2.0,55,Abril,4,2011
sapo.pt,39.0,1.0,40,Abril,4,2011
orkut.com,47.0,199.0,246,Abril,4,2011
twitter.com,187.0,597.0,784,Abril,4,2011
orkut.com.br,1814.0,9570.0,11384,Abril,4,2011
imgsru.ru,234.0,0.0,234,Abril,4,2011
facebook.com,121.0,31.0,152,Maio,5,2011
youtube.com,111.0,28.0,139,Maio,5,2011
twitpic.com,98.0,695.0,793,Maio,5,2011
4shared.com,44.0,30.0,74,Maio,5,2011
orkut.com,49.0,286.0,335,Maio,5,2011
twitter.com,650.0,5832.0,6482,Maio,5,2011
orkut.com.br,2172.0,10941.0,13113,Maio,5,2011
imgsru.ru,74.0,2.0,76,Maio,5,2011
imgsrc.ru,71.0,23.0,94,Maio,5,2011
t.co,54.0,53.0,107,Junho,6,2011
facebook.com,145.0,225.0,370,Junho,6,2011
youtube.com,143.0,469.0,612,Junho,6,2011
4shared.com,38.0,4.0,42,Junho,6,2011
uol.com.br,31.0,109.0,140,Junho,6,2011
twitter.com,242.0,662.0,904,Junho,6,2011
orkut.com.br,1616.0,8532.0,10148,Junho,6,2011
sexoinfantil.blogspot.com,32.0,6177.0,6209,Junho,6,2011
linkbucks.com,89.0,2.0,91,Junho,6,2011
imgsrc.ru,76.0,21.0,97,Junho,6,2011
facebook.com,85.0,36.0,121,Julho,7,2011
xvideos.com,30.0,29.0,59,Julho,7,2011
youtube.com,118.0,60.0,178,Julho,7,2011
motherless.com,32.0,17.0,49,Julho,7,2011
videarn.com,43.0,6.0,49,Julho,7,2011
orkut.com,26.0,178.0,204,Julho,7,2011
twitter.com,255.0,244.0,499,Julho,7,2011
orkut.com.br,1805.0,9955.0,11760,Julho,7,2011
imgsru.ru,100.0,0.0,100,Julho,7,2011
imgsrc.ru,93.0,21.0,114,Julho,7,2011
facebook.com,113.0,23.0,136,Agosto,8,2011
youtube.com,151.0,163.0,314,Agosto,8,2011
motherless.com,41.0,14.0,55,Agosto,8,2011
videarn.com,28.0,6.0,34,Agosto,8,2011
orkut.com,63.0,265.0,328,Agosto,8,2011
twitter.com,120.0,350.0,470,Agosto,8,2011
orkut.com.br,2442.0,11627.0,14069,Agosto,8,2011
imgsru.ru,76.0,0.0,76,Agosto,8,2011
wordpress.com,48.0,207.0,255,Agosto,8,2011
imgsrc.ru,48.0,13.0,61,Agosto,8,2011
facebook.com,213.0,119.0,332,Setembro,9,2011
xvideos.com,41.0,34.0,75,Setembro,9,2011
youtube.com,173.0,703.0,876,Setembro,9,2011
live.com,40.0,5.0,45,Setembro,9,2011
orkut.com,104.0,272.0,376,Setembro,9,2011
google.com.br,61.0,28.0,89,Setembro,9,2011
silviokoerich.com,64.0,4593.0,4657,Setembro,9,2011
twitter.com,122.0,134.0,256,Setembro,9,2011
orkut.com.br,2361.0,13209.0,15570,Setembro,9,2011
imgsrc.ru,131.0,11.0,142,Setembro,9,2011
t.co,69.0,98.0,167,Outubro,10,2011
facebook.com,689.0,921.0,1610,Outubro,10,2011
youtube.com,159.0,130.0,289,Outubro,10,2011
simapedofilia.blogspot.com,46.0,8451.0,8497,Outubro,10,2011
orkut.com,62.0,227.0,289,Outubro,10,2011
silviokoerich.com,83.0,2652.0,2735,Outubro,10,2011
twitter.com,326.0,1186.0,1512,Outubro,10,2011
orkut.com.br,2216.0,8716.0,10932,Outubro,10,2011
amantezoocba.blogspot.com,45.0,119.0,164,Outubro,10,2011
imgsrc.ru,161.0,350.0,511,Outubro,10,2011
facebook.com,910.0,2324.0,3234,Novembro,11,2011
xvideos.com,35.0,27.0,62,Novembro,11,2011
youtube.com,190.0,494.0,684,Novembro,11,2011
google.com,29.0,34.0,63,Novembro,11,2011
orkut.com,65.0,402.0,467,Novembro,11,2011
silviokoerich.com,100.0,2932.0,3032,Novembro,11,2011
twitter.com,196.0,530.0,726,Novembro,11,2011
orkut.com.br,2063.0,7861.0,9924,Novembro,11,2011
silviokoerich.org,259.0,13276.0,13535,Novembro,11,2011
imgsrc.ru,177.0,21.0,198,Novembro,11,2011
facebook.com,1810.0,1174.0,2984,Dezembro,12,2011
xvideos.com,50.0,20.0,70,Dezembro,12,2011
youtube.com,458.0,1693.0,2151,Dezembro,12,2011
tumblr.com,71.0,320.0,391,Dezembro,12,2011
silviokoerich.com,171.0,23459.0,23630,Dezembro,12,2011
twitter.com,1023.0,44907.0,45930,Dezembro,12,2011
orkut.com.br,1470.0,3792.0,5262,Dezembro,12,2011
imagebam.com,82.0,4.0,86,Dezembro,12,2011
silviokoerich.org,300.0,15923.0,16223,Dezembro,12,2011
imgsrc.ru,117.0,21.0,138,Dezembro,12,2011
terra.com.br,26.0,15.0,41,Janeiro,1,2012
facebook.com,419.0,206.0,625,Janeiro,1,2012
xvideos.com,30.0,25.0,55,Janeiro,1,2012
youtube.com,165.0,114.0,279,Janeiro,1,2012
motherless.com,34.0,7.0,41,Janeiro,1,2012
tumblr.com,69.0,283.0,352,Janeiro,1,2012
twitter.com,177.0,1274.0,1451,Janeiro,1,2012
orkut.com.br,1205.0,5032.0,6237,Janeiro,1,2012
silviokoerich.org,58.0,836.0,894,Janeiro,1,2012
imgsrc.ru,56.0,16.0,72,Janeiro,1,2012
facebook.com,849.0,7374.0,8223,Fevereiro,2,2012
youtube.com,126.0,66.0,192,Fevereiro,2,2012
fbcdn.net,21.0,78.0,99,Fevereiro,2,2012
tumblr.com,30.0,8.0,38,Fevereiro,2,2012
orkut.com,21.0,24.0,45,Fevereiro,2,2012
twitter.com,134.0,362.0,496,Fevereiro,2,2012
orkut.com.br,749.0,4551.0,5300,Fevereiro,2,2012
silviokoerich.org,49.0,2279.0,2328,Fevereiro,2,2012
wordpress.com,30.0,21.0,51,Fevereiro,2,2012
imgsrc.ru,267.0,11.0,278,Fevereiro,2,2012
terra.com.br,32.0,13.0,45,Março,3,2012
habbo.com.br,31.0,35.0,66,Março,3,2012
facebook.com,649.0,538.0,1187,Março,3,2012
youtube.com,231.0,135.0,366,Março,3,2012
yahoo.com,29.0,5.0,34,Março,3,2012
twitter.com,167.0,1487.0,1654,Março,3,2012
orkut.com.br,1096.0,5357.0,6453,Março,3,2012
silviokoerich.org,33.0,553.0,586,Março,3,2012
wordpress.com,25.0,54.0,79,Março,3,2012
imgsrc.ru,138.0,11.0,149,Março,3,2012
terra.com.br,24.0,23.0,47,Abril,4,2012
facebook.com,564.0,786.0,1350,Abril,4,2012
youtube.com,186.0,57.0,243,Abril,4,2012
tumblr.com,46.0,40.0,86,Abril,4,2012
yahoo.com,19.0,22.0,41,Abril,4,2012
twitter.com,151.0,700.0,851,Abril,4,2012
orkut.com.br,1115.0,3599.0,4714,Abril,4,2012
silviokoerich.org,47.0,1671.0,1718,Abril,4,2012
wordpress.com,32.0,39.0,71,Abril,4,2012
imgsrc.ru,36.0,8.0,44,Abril,4,2012
facebook.com,687.0,1378.0,2065,Maio,5,2012
xvideos.com,22.0,11.0,33,Maio,5,2012
youtube.com,156.0,102.0,258,Maio,5,2012
tumblr.com,30.0,243.0,273,Maio,5,2012
yahoo.com,21.0,41.0,62,Maio,5,2012
co.cc,25.0,11.0,36,Maio,5,2012
orkut.com,58.0,69.0,127,Maio,5,2012
twitter.com,205.0,596.0,801,Maio,5,2012
orkut.com.br,1401.0,3533.0,4934,Maio,5,2012
imgsrc.ru,91.0,189.0,280,Maio,5,2012
facebook.com,543.0,616.0,1159,Junho,6,2012
youtube.com,86.0,77.0,163,Junho,6,2012
jkpos24pl2r3urlw.onion,31.0,2.0,33,Junho,6,2012
defesa-hetero.blogspot.com.br,28.0,19.0,47,Junho,6,2012
yahoo.com,27.0,14.0,41,Junho,6,2012
aimoo.com,32.0,11.0,43,Junho,6,2012
google.com.br,24.0,2.0,26,Junho,6,2012
twitter.com,126.0,322.0,448,Junho,6,2012
orkut.com.br,1462.0,3155.0,4617,Junho,6,2012
imgsrc.ru,47.0,43.0,90,Junho,6,2012
facebook.com,1314.0,5536.0,6850,Julho,7,2012
youtube.com,130.0,46.0,176,Julho,7,2012
tumblr.com,226.0,646.0,872,Julho,7,2012
ask.fm,62.0,107.0,169,Julho,7,2012
zoofboy.blogspot.com.br,52.0,93.0,145,Julho,7,2012
orkut.com,52.0,25.0,77,Julho,7,2012
twitter.com,313.0,974.0,1287,Julho,7,2012
xoxotascaninas.blogspot.com.br,100.0,467.0,567,Julho,7,2012
orkut.com.br,1605.0,3271.0,4876,Julho,7,2012
imgsrc.ru,36.0,29.0,65,Julho,7,2012
facebook.com,1238.0,2876.0,4114,Agosto,8,2012
youtube.com,140.0,282.0,422,Agosto,8,2012
tumblr.com,31.0,68.0,99,Agosto,8,2012
ask.fm,199.0,541.0,740,Agosto,8,2012
orkut.com,53.0,23.0,76,Agosto,8,2012
testosterona.blog.br,23.0,793.0,816,Agosto,8,2012
twitter.com,130.0,257.0,387,Agosto,8,2012
akamaihd.net,39.0,236.0,275,Agosto,8,2012
orkut.com.br,2318.0,4138.0,6456,Agosto,8,2012
imgsrc.ru,35.0,42.0,77,Agosto,8,2012
facebook.com,948.0,1258.0,2206,Setembro,9,2012
xvideos.com,40.0,13.0,53,Setembro,9,2012
youtube.com,113.0,95.0,208,Setembro,9,2012
motherless.com,26.0,5.0,31,Setembro,9,2012
tumblr.com,31.0,22.0,53,Setembro,9,2012
ask.fm,229.0,566.0,795,Setembro,9,2012
orkut.com,26.0,28.0,54,Setembro,9,2012
uol.com.br,20.0,10.0,30,Setembro,9,2012
twitter.com,128.0,955.0,1083,Setembro,9,2012
orkut.com.br,1889.0,2687.0,4576,Setembro,9,2012
kodiefiles.nl,126.0,2.0,128,Outubro,10,2012
facebook.com,1636.0,4494.0,6130,Outubro,10,2012
xvideos.com,68.0,38.0,106,Outubro,10,2012
youtube.com,157.0,90.0,247,Outubro,10,2012
minus.com,30.0,13.0,43,Outubro,10,2012
uni.me,29.0,5.0,34,Outubro,10,2012
tumblr.com,41.0,34.0,75,Outubro,10,2012
ask.fm,338.0,902.0,1240,Outubro,10,2012
twitter.com,397.0,1169.0,1566,Outubro,10,2012
orkut.com.br,2183.0,2982.0,5165,Outubro,10,2012
facebook.com,1424.0,3451.0,4875,Novembro,11,2012
youtube.com,201.0,221.0,422,Novembro,11,2012
minus.com,82.0,74.0,156,Novembro,11,2012
tumblr.com,64.0,85.0,149,Novembro,11,2012
yahoo.com,41.0,5.0,46,Novembro,11,2012
ask.fm,387.0,1225.0,1612,Novembro,11,2012
twitter.com,144.0,115.0,259,Novembro,11,2012
akamaihd.net,33.0,9.0,42,Novembro,11,2012
orkut.com.br,1776.0,3529.0,5305,Novembro,11,2012
imgsrc.ru,31.0,12.0,43,Novembro,11,2012
facebook.com,1220.0,2874.0,4094,Dezembro,12,2012
xvideos.com,48.0,40.0,88,Dezembro,12,2012
youtube.com,136.0,107.0,243,Dezembro,12,2012
tumblr.com,88.0,75.0,163,Dezembro,12,2012
ask.fm,229.0,395.0,624,Dezembro,12,2012
google.com,18.0,8.0,26,Dezembro,12,2012
uol.com.br,27.0,40.0,67,Dezembro,12,2012
twitter.com,169.0,363.0,532,Dezembro,12,2012
orkut.com.br,1043.0,1552.0,2595,Dezembro,12,2012
imgsrc.ru,16.0,9.0,25,Dezembro,12,2012
habbo.com.br,233.0,151.0,384,Janeiro,1,2013
facebook.com,1794.0,9218.0,11012,Janeiro,1,2013
xvideos.com,38.0,25.0,63,Janeiro,1,2013
youtube.com,143.0,81.0,224,Janeiro,1,2013
tumblr.com,62.0,137.0,199,Janeiro,1,2013
yahoo.com,43.0,3.0,46,Janeiro,1,2013
ask.fm,250.0,373.0,623,Janeiro,1,2013
pega-nelas.blogspot.com.br,182.0,350.0,532,Janeiro,1,2013
twitter.com,254.0,843.0,1097,Janeiro,1,2013
orkut.com.br,1574.0,4251.0,5825,Janeiro,1,2013
facebook.com,1271.0,2512.0,3783,Fevereiro,2,2013
xvideos.com,45.0,32.0,77,Fevereiro,2,2013
youtube.com,150.0,57.0,207,Fevereiro,2,2013
tumblr.com,81.0,112.0,193,Fevereiro,2,2013
sexibl.com,24.0,3.0,27,Fevereiro,2,2013
yahoo.com,29.0,5.0,34,Fevereiro,2,2013
ask.fm,172.0,482.0,654,Fevereiro,2,2013
twitter.com,125.0,314.0,439,Fevereiro,2,2013
orkut.com.br,1208.0,5221.0,6429,Fevereiro,2,2013
bing.com,23.0,7.0,30,Fevereiro,2,2013
facebook.com,2027.0,6552.0,8579,Março,3,2013
xvideos.com,23.0,65.0,88,Março,3,2013
youtube.com,186.0,1035.0,1221,Março,3,2013
fbcdn.net,23.0,10.0,33,Março,3,2013
tumblr.com,36.0,38.0,74,Março,3,2013
globo.com,29.0,22.0,51,Março,3,2013
ask.fm,121.0,243.0,364,Março,3,2013
putariaemoff.net,33.0,1.0,34,Março,3,2013
twitter.com,100.0,228.0,328,Março,3,2013
orkut.com.br,1295.0,10050.0,11345,Março,3,2013
fc2.com,34.0,12.0,46,Abril,4,2013
facebook.com,2315.0,4453.0,6768,Abril,4,2013
xvideos.com,76.0,20.0,96,Abril,4,2013
youtube.com,218.0,307.0,525,Abril,4,2013
tumblr.com,35.0,45.0,80,Abril,4,2013
globo.com,40.0,27.0,67,Abril,4,2013
ask.fm,105.0,105.0,210,Abril,4,2013
twitter.com,84.0,165.0,249,Abril,4,2013
orkut.com.br,817.0,11298.0,12115,Abril,4,2013
vk.com,101.0,4.0,105,Abril,4,2013
facebook.com,1470.0,2706.0,4176,Maio,5,2013
xvideos.com,81.0,27.0,108,Maio,5,2013
youtube.com,186.0,123.0,309,Maio,5,2013
tumblr.com,40.0,42.0,82,Maio,5,2013
sexibl.com,217.0,34.0,251,Maio,5,2013
globo.com,43.0,23.0,66,Maio,5,2013
ask.fm,104.0,144.0,248,Maio,5,2013
twitter.com,309.0,159.0,468,Maio,5,2013
orkut.com.br,1023.0,8851.0,9874,Maio,5,2013
vk.com,61.0,6.0,67,Maio,5,2013
facebook.com,1577.0,5462.0,7039,Junho,6,2013
xvideos.com,57.0,20.0,77,Junho,6,2013
youtube.com,134.0,155.0,289,Junho,6,2013
tumblr.com,62.0,26.0,88,Junho,6,2013
sexibl.com,276.0,81.0,357,Junho,6,2013
globo.com,30.0,18.0,48,Junho,6,2013
ask.fm,55.0,86.0,141,Junho,6,2013
twitter.com,208.0,117.0,325,Junho,6,2013
orkut.com.br,856.0,8774.0,9630,Junho,6,2013
vk.com,54.0,7.0,61,Junho,6,2013
facebook.com,1406.0,5914.0,7320,Julho,7,2013
xvideos.com,58.0,24.0,82,Julho,7,2013
youtube.com,112.0,50.0,162,Julho,7,2013
sexibl.com,151.0,47.0,198,Julho,7,2013
yahoo.com,35.0,3.0,38,Julho,7,2013
ask.fm,57.0,66.0,123,Julho,7,2013
google.com.br,35.0,51.0,86,Julho,7,2013
twitter.com,73.0,69.0,142,Julho,7,2013
orkut.com.br,553.0,5464.0,6017,Julho,7,2013
vk.com,75.0,14.0,89,Julho,7,2013
facebook.com,1198.0,2034.0,3232,Agosto,8,2013
xvideos.com,108.0,29.0,137,Agosto,8,2013
youtube.com,120.0,129.0,249,Agosto,8,2013
sexibl.com,67.0,40.0,107,Agosto,8,2013
ask.fm,49.0,51.0,100,Agosto,8,2013
twitter.com,86.0,92.0,178,Agosto,8,2013
akamaihd.net,39.0,27.0,66,Agosto,8,2013
orkut.com.br,633.0,2133.0,2766,Agosto,8,2013
vk.com,37.0,9.0,46,Agosto,8,2013
bufalo.info,81.0,92.0,173,Agosto,8,2013
homemdebem.org,122.0,6365.0,6487,Setembro,9,2013
terra.com.br,34.0,51.0,85,Setembro,9,2013
mundorealista.com,29.0,45.0,74,Setembro,9,2013
facebook.com,929.0,1799.0,2728,Setembro,9,2013
xvideos.com,57.0,10.0,67,Setembro,9,2013
youtube.com,91.0,46.0,137,Setembro,9,2013
sexibl.com,142.0,76.0,218,Setembro,9,2013
twitter.com,62.0,91.0,153,Setembro,9,2013
orkut.com.br,660.0,2970.0,3630,Setembro,9,2013
bufalo.info,33.0,1092.0,1125,Setembro,9,2013
homemdebem.org,280.0,20736.0,21016,Outubro,10,2013
terra.com.br,70.0,154.0,224,Outubro,10,2013
mundorealista.com,74.0,847.0,921,Outubro,10,2013
facebook.com,993.0,1684.0,2677,Outubro,10,2013
xvideos.com,101.0,35.0,136,Outubro,10,2013
youtube.com,110.0,27.0,137,Outubro,10,2013
sexibl.com,65.0,29.0,94,Outubro,10,2013
twitter.com,86.0,115.0,201,Outubro,10,2013
dropbox.com,44.0,15.0,59,Outubro,10,2013
orkut.com.br,596.0,2107.0,2703,Outubro,10,2013
homemdebem.org,44.0,8110.0,8154,Novembro,11,2013
terra.com.br,43.0,38.0,81,Novembro,11,2013
facebook.com,1118.0,1569.0,2687,Novembro,11,2013
xvideos.com,172.0,76.0,248,Novembro,11,2013
youtube.com,178.0,60.0,238,Novembro,11,2013
ask.fm,51.0,185.0,236,Novembro,11,2013
orkut.com,37.0,12.0,49,Novembro,11,2013
twitter.com,112.0,320.0,432,Novembro,11,2013
orkut.com.br,741.0,1955.0,2696,Novembro,11,2013
imgsrc.ru,41.0,6.0,47,Novembro,11,2013
terra.com.br,94.0,270.0,364,Dezembro,12,2013
facebook.com,1102.0,1086.0,2188,Dezembro,12,2013
xvideos.com,80.0,48.0,128,Dezembro,12,2013
youtube.com,243.0,7857.0,8100,Dezembro,12,2013
tumblr.com,31.0,42.0,73,Dezembro,12,2013
ask.fm,30.0,30.0,60,Dezembro,12,2013
twitter.com,99.0,521.0,620,Dezembro,12,2013
dropbox.com,32.0,61.0,93,Dezembro,12,2013
orkut.com.br,419.0,1694.0,2113,Dezembro,12,2013
imgsrc.ru,28.0,8.0,36,Dezembro,12,2013
homemdebem.org,82.0,19280.0,19362,Janeiro,1,2014
terra.com.br,51.0,98.0,149,Janeiro,1,2014
facebook.com,1299.0,2033.0,3332,Janeiro,1,2014
xvideos.com,111.0,47.0,158,Janeiro,1,2014
youtube.com,176.0,1084.0,1260,Janeiro,1,2014
motherless.com,46.0,4.0,50,Janeiro,1,2014
tumblr.com,52.0,81.0,133,Janeiro,1,2014
ask.fm,35.0,82.0,117,Janeiro,1,2014
twitter.com,61.0,63.0,124,Janeiro,1,2014
orkut.com.br,387.0,2054.0,2441,Janeiro,1,2014
terra.com.br,47.0,110.0,157,Fevereiro,2,2014
facebook.com,1306.0,2459.0,3765,Fevereiro,2,2014
xvideos.com,130.0,88.0,218,Fevereiro,2,2014
youtube.com,86.0,76.0,162,Fevereiro,2,2014
motherless.com,29.0,3.0,32,Fevereiro,2,2014
tumblr.com,37.0,6268.0,6305,Fevereiro,2,2014
twitter.com,200.0,288.0,488,Fevereiro,2,2014
dropbox.com,30.0,4.0,34,Fevereiro,2,2014
orkut.com.br,590.0,2010.0,2600,Fevereiro,2,2014
wordpress.com,75.0,7342.0,7417,Fevereiro,2,2014
terra.com.br,44.0,53.0,97,Março,3,2014
facebook.com,2269.0,4443.0,6712,Março,3,2014
xvideos.com,176.0,81.0,257,Março,3,2014
youtube.com,201.0,737.0,938,Março,3,2014
tumblr.com,46.0,10.0,56,Março,3,2014
globo.com,29.0,4.0,33,Março,3,2014
imgur.com,43.0,46.0,89,Março,3,2014
grandegaroto.com.br,33.0,16.0,49,Março,3,2014
twitter.com,68.0,88.0,156,Março,3,2014
orkut.com.br,645.0,2148.0,2793,Março,3,2014
terra.com.br,36.0,45.0,81,Abril,4,2014
facebook.com,1873.0,3883.0,5756,Abril,4,2014
xvideos.com,124.0,159.0,283,Abril,4,2014
youtube.com,168.0,489.0,657,Abril,4,2014
tumblr.com,31.0,21.0,52,Abril,4,2014
globo.com,33.0,19.0,52,Abril,4,2014
imgur.com,30.0,23.0,53,Abril,4,2014
twitter.com,60.0,61.0,121,Abril,4,2014
orkut.com.br,458.0,2646.0,3104,Abril,4,2014
vk.com,25.0,2.0,27,Abril,4,2014
terra.com.br,60.0,39.0,99,Maio,5,2014
facebook.com,1535.0,1819.0,3354,Maio,5,2014
xvideos.com,144.0,82.0,226,Maio,5,2014
youtube.com,85.0,91.0,176,Maio,5,2014
tumblr.com,27.0,5.0,32,Maio,5,2014
imgur.com,30.0,25.0,55,Maio,5,2014
google.com,30.0,13.0,43,Maio,5,2014
twitter.com,48.0,70.0,118,Maio,5,2014
dropbox.com,37.0,5.0,42,Maio,5,2014
orkut.com.br,365.0,1801.0,2166,Maio,5,2014
terra.com.br,43.0,49.0,92,Junho,6,2014
facebook.com,1745.0,3411.0,5156,Junho,6,2014
xvideos.com,124.0,80.0,204,Junho,6,2014
youtube.com,74.0,29.0,103,Junho,6,2014
tumblr.com,40.0,23.0,63,Junho,6,2014
anuncios-classificados.net,48.0,12.0,60,Junho,6,2014
google.com,36.0,10.0,46,Junho,6,2014
jimdo.com,37.0,3750.0,3787,Junho,6,2014
twitter.com,133.0,213.0,346,Junho,6,2014
orkut.com.br,607.0,1559.0,2166,Junho,6,2014
terra.com.br,47.0,22.0,69,Julho,7,2014
facebook.com,1763.0,1416.0,3179,Julho,7,2014
xvideos.com,136.0,81.0,217,Julho,7,2014
youtube.com,97.0,29.0,126,Julho,7,2014
tumblr.com,29.0,14.0,43,Julho,7,2014
google.com,45.0,5.0,50,Julho,7,2014
twitter.com,246.0,117.0,363,Julho,7,2014
dropbox.com,25.0,8.0,33,Julho,7,2014
orkut.com.br,501.0,281.0,782,Julho,7,2014
imgsrc.ru,37.0,6.0,43,Julho,7,2014
terra.com.br,55.0,26.0,81,Agosto,8,2014
xnxx.com,29.0,5.0,34,Agosto,8,2014
facebook.com,1257.0,1252.0,2509,Agosto,8,2014
xvideos.com,155.0,56.0,211,Agosto,8,2014
novinhas.tv,26.0,3.0,29,Agosto,8,2014
youtube.com,124.0,113.0,237,Agosto,8,2014
google.com,33.0,7.0,40,Agosto,8,2014
uol.com.br,32.0,31.0,63,Agosto,8,2014
twitter.com,149.0,104.0,253,Agosto,8,2014
orkut.com.br,191.0,127.0,318,Agosto,8,2014
terra.com.br,65.0,53.0,118,Setembro,9,2014
facebook.com,1763.0,4081.0,5844,Setembro,9,2014
xvideos.com,120.0,42.0,162,Setembro,9,2014
youtube.com,175.0,937.0,1112,Setembro,9,2014
imgur.com,33.0,11.0,44,Setembro,9,2014
google.com,32.0,4.0,36,Setembro,9,2014
google.com.br,30.0,6.0,36,Setembro,9,2014
twitter.com,85.0,71.0,156,Setembro,9,2014
dropbox.com,35.0,27.0,62,Setembro,9,2014
orkut.com.br,194.0,108.0,302,Setembro,9,2014
instagram.com,141.0,34.0,175,Outubro,10,2014
terra.com.br,47.0,48.0,95,Outubro,10,2014
facebook.com,10884.0,5971.0,16855,Outubro,10,2014
xvideos.com,123.0,66.0,189,Outubro,10,2014
youtube.com,210.0,231.0,441,Outubro,10,2014
fbcdn.net,69.0,178.0,247,Outubro,10,2014
tumblr.com,44.0,174.0,218,Outubro,10,2014
google.com,43.0,13.0,56,Outubro,10,2014
twitter.com,1225.0,1450.0,2675,Outubro,10,2014
akamaihd.net,101.0,172.0,273,Outubro,10,2014
tioastolfo.com,44.0,2201.0,2245,Novembro,11,2014
terra.com.br,23.0,15.0,38,Novembro,11,2014
facebook.com,1947.0,2270.0,4217,Novembro,11,2014
xvideos.com,131.0,73.0,204,Novembro,11,2014
youtube.com,161.0,118.0,279,Novembro,11,2014
pixs.ru,23.0,0.0,23,Novembro,11,2014
google.com.br,19.0,71.0,90,Novembro,11,2014
twitter.com,142.0,199.0,341,Novembro,11,2014
dropbox.com,59.0,15.0,74,Novembro,11,2014
akamaihd.net,23.0,3.0,26,Novembro,11,2014
facebook.com,1561.0,2596.0,4157,Dezembro,12,2014
xvideos.com,179.0,90.0,269,Dezembro,12,2014
youtube.com,106.0,86.0,192,Dezembro,12,2014
fbcdn.net,24.0,14.0,38,Dezembro,12,2014
google.com,32.0,15.0,47,Dezembro,12,2014
google.com.br,28.0,32.0,60,Dezembro,12,2014
twitter.com,134.0,33.0,167,Dezembro,12,2014
spoiledvirgins.com,33.0,21.0,54,Dezembro,12,2014
dropbox.com,39.0,7.0,46,Dezembro,12,2014
wordpress.com,52.0,700.0,752,Dezembro,12,2014
boyvidsthnubdaub.onion,32.0,1.0,33,Janeiro,1,2015
facebook.com,1603.0,3148.0,4751,Janeiro,1,2015
xvideos.com,193.0,94.0,287,Janeiro,1,2015
youtube.com,112.0,80.0,192,Janeiro,1,2015
novinhobareback.blogspot.com.br,161.0,201.0,362,Janeiro,1,2015
google.com,39.0,12.0,51,Janeiro,1,2015
yadi.sk,60.0,5.0,65,Janeiro,1,2015
google.com.br,42.0,8.0,50,Janeiro,1,2015
twitter.com,183.0,448.0,631,Janeiro,1,2015
wordpress.com,34.0,524.0,558,Janeiro,1,2015
instagram.com,22.0,288.0,310,Fevereiro,2,2015
facebook.com,1480.0,12615.0,14095,Fevereiro,2,2015
xvideos.com,79.0,47.0,126,Fevereiro,2,2015
youtube.com,112.0,324.0,436,Fevereiro,2,2015
google.com,22.0,70.0,92,Fevereiro,2,2015
yadi.sk,35.0,6.0,41,Fevereiro,2,2015
google.com.br,27.0,3.0,30,Fevereiro,2,2015
pornhub.com,33.0,18.0,51,Fevereiro,2,2015
twitter.com,208.0,657.0,865,Fevereiro,2,2015
dropbox.com,33.0,15.0,48,Fevereiro,2,2015
instagram.com,30.0,112.0,142,Março,3,2015
facebook.com,1522.0,3606.0,5128,Março,3,2015
xvideos.com,114.0,43.0,157,Março,3,2015
youtube.com,131.0,153.0,284,Março,3,2015
socialdub.com,61.0,278.0,339,Março,3,2015
google.com,24.0,10.0,34,Março,3,2015
yadi.sk,24.0,2.0,26,Março,3,2015
uol.com.br,23.0,69.0,92,Março,3,2015
twitter.com,132.0,167.0,299,Março,3,2015
imgsrc.ru,26.0,12.0,38,Março,3,2015
tioastolfo.com,70.0,14725.0,14795,Abril,4,2015
facebook.com,1883.0,2195.0,4078,Abril,4,2015
xvideos.com,113.0,60.0,173,Abril,4,2015
youtube.com,212.0,360.0,572,Abril,4,2015
socialdub.com,42.0,265.0,307,Abril,4,2015
globo.com,54.0,12.0,66,Abril,4,2015
google.com,41.0,13.0,54,Abril,4,2015
google.com.br,41.0,3.0,44,Abril,4,2015
twitter.com,253.0,302.0,555,Abril,4,2015
youtu.be,48.0,32.0,80,Abril,4,2015
socialcam.com,146.0,34.0,180,Maio,5,2015
facebook.com,1550.0,2227.0,3777,Maio,5,2015
xvideos.com,123.0,65.0,188,Maio,5,2015
youtube.com,137.0,76.0,213,Maio,5,2015
socialdub.com,29.0,1098.0,1127,Maio,5,2015
globo.com,28.0,10.0,38,Maio,5,2015
nomesbrasil.com,31.0,444.0,475,Maio,5,2015
midiamax.com.br,29.0,0.0,29,Maio,5,2015
yadi.sk,48.0,1.0,49,Maio,5,2015
twitter.com,238.0,173.0,411,Maio,5,2015
firstanalquest.com,28.0,7.0,35,Junho,6,2015
socialcam.com,99.0,36.0,135,Junho,6,2015
facebook.com,1404.0,1393.0,2797,Junho,6,2015
xvideos.com,101.0,60.0,161,Junho,6,2015
youtube.com,163.0,492.0,655,Junho,6,2015
socialdub.com,130.0,4640.0,4770,Junho,6,2015
globo.com,56.0,22.0,78,Junho,6,2015
imgur.com,28.0,32.0,60,Junho,6,2015
google.com,25.0,7.0,32,Junho,6,2015
twitter.com,112.0,54.0,166,Junho,6,2015
tioastolfo.com,65.0,11211.0,11276,Julho,7,2015
socialcam.com,112.0,29.0,141,Julho,7,2015
facebook.com,1666.0,1956.0,3622,Julho,7,2015
xvideos.com,135.0,112.0,247,Julho,7,2015
youtube.com,107.0,144.0,251,Julho,7,2015
socialdub.com,84.0,1637.0,1721,Julho,7,2015
globo.com,55.0,21.0,76,Julho,7,2015
yadi.sk,37.0,0.0,37,Julho,7,2015
twitter.com,175.0,111.0,286,Julho,7,2015
imgsrc.ru,38.0,7.0,45,Julho,7,2015
socialcam.com,210.0,85.0,295,Agosto,8,2015
facebook.com,2004.0,10335.0,12339,Agosto,8,2015
xvideos.com,110.0,68.0,178,Agosto,8,2015
youtube.com,133.0,142.0,275,Agosto,8,2015
socialdub.com,30.0,654.0,684,Agosto,8,2015
globo.com,45.0,95.0,140,Agosto,8,2015
google.com,30.0,10.0,40,Agosto,8,2015
yadi.sk,29.0,0.0,29,Agosto,8,2015
google.com.br,28.0,1.0,29,Agosto,8,2015
twitter.com,118.0,30.0,148,Agosto,8,2015
instagram.com,28.0,15.0,43,Setembro,9,2015
facebook.com,1243.0,1193.0,2436,Setembro,9,2015
xvideos.com,118.0,68.0,186,Setembro,9,2015
youtube.com,124.0,95.0,219,Setembro,9,2015
tumblr.com,36.0,21.0,57,Setembro,9,2015
socialdub.com,19.0,63.0,82,Setembro,9,2015
globo.com,75.0,51.0,126,Setembro,9,2015
google.com,53.0,38.0,91,Setembro,9,2015
uol.com.br,18.0,26.0,44,Setembro,9,2015
twitter.com,136.0,342.0,478,Setembro,9,2015
instagram.com,37.0,93.0,130,Outubro,10,2015
photosugar.com,44.0,0.0,44,Outubro,10,2015
facebook.com,1857.0,5058.0,6915,Outubro,10,2015
xvideos.com,323.0,208.0,531,Outubro,10,2015
youtube.com,128.0,128.0,256,Outubro,10,2015
globo.com,81.0,63.0,144,Outubro,10,2015
google.com,35.0,13.0,48,Outubro,10,2015
twitter.com,423.0,389.0,812,Outubro,10,2015
wordpress.com,52.0,1416.0,1468,Outubro,10,2015
imgsrc.ru,33.0,17.0,50,Outubro,10,2015
instagram.com,44.0,15.0,59,Novembro,11,2015
photosugar.com,30.0,0.0,30,Novembro,11,2015
facebook.com,1957.0,1853.0,3810,Novembro,11,2015
xvideos.com,178.0,117.0,295,Novembro,11,2015
youtube.com,135.0,56.0,191,Novembro,11,2015
doloresaronovich.com,50.0,2354.0,2404,Novembro,11,2015
globo.com,75.0,49.0,124,Novembro,11,2015
google.com,30.0,24.0,54,Novembro,11,2015
twitter.com,542.0,1824.0,2366,Novembro,11,2015
imgsrc.ru,41.0,13.0,54,Novembro,11,2015
instagram.com,378.0,5339.0,5717,Dezembro,12,2015
terra.com.br,32.0,55.0,87,Dezembro,12,2015
t.co,30.0,44.0,74,Dezembro,12,2015
facebook.com,1792.0,2361.0,4153,Dezembro,12,2015
xvideos.com,145.0,75.0,220,Dezembro,12,2015
youtube.com,110.0,64.0,174,Dezembro,12,2015
globo.com,50.0,29.0,79,Dezembro,12,2015
uol.com.br,34.0,26.0,60,Dezembro,12,2015
twitter.com,389.0,610.0,999,Dezembro,12,2015
imgsrc.ru,24.0,20.0,44,Dezembro,12,2015
instagram.com,40.0,30.0,70,Janeiro,1,2016
reisdocamarote.org,70.0,11388.0,11458,Janeiro,1,2016
facebook.com,2832.0,8875.0,11707,Janeiro,1,2016
xvideos.com,182.0,87.0,269,Janeiro,1,2016
youtube.com,124.0,73.0,197,Janeiro,1,2016
globo.com,72.0,82.0,154,Janeiro,1,2016
yahoo.com,39.0,14.0,53,Janeiro,1,2016
google.com,31.0,19.0,50,Janeiro,1,2016
pornhub.com,35.0,8.0,43,Janeiro,1,2016
twitter.com,345.0,321.0,666,Janeiro,1,2016
instagram.com,43.0,40.0,83,Fevereiro,2,2016
facebook.com,2394.0,10094.0,12488,Fevereiro,2,2016
xvideos.com,133.0,65.0,198,Fevereiro,2,2016
youtube.com,181.0,240.0,421,Fevereiro,2,2016
globo.com,45.0,24.0,69,Fevereiro,2,2016
yahoo.com,37.0,20.0,57,Fevereiro,2,2016
google.com,37.0,13.0,50,Fevereiro,2,2016
mallandrinhas.net,32.0,20.0,52,Fevereiro,2,2016
twitter.com,259.0,149.0,408,Fevereiro,2,2016
youtu.be,33.0,34.0,67,Fevereiro,2,2016
instagram.com,32.0,23.0,55,Março,3,2016
facebook.com,1704.0,1370.0,3074,Março,3,2016
xvideos.com,132.0,56.0,188,Março,3,2016
youtube.com,165.0,128.0,293,Março,3,2016
tumblr.com,23.0,22.0,45,Março,3,2016
globo.com,65.0,31.0,96,Março,3,2016
yahoo.com,52.0,18.0,70,Março,3,2016
xhamster.com,24.0,0.0,24,Março,3,2016
twitter.com,205.0,130.0,335,Março,3,2016
youtu.be,26.0,7.0,33,Março,3,2016
instagram.com,24.0,23.0,47,Abril,4,2016
facebook.com,1922.0,2642.0,4564,Abril,4,2016
xvideos.com,100.0,76.0,176,Abril,4,2016
youtube.com,118.0,136.0,254,Abril,4,2016
globo.com,37.0,15.0,52,Abril,4,2016
yahoo.com,50.0,15.0,65,Abril,4,2016
google.com,30.0,20.0,50,Abril,4,2016
uol.com.br,27.0,24.0,51,Abril,4,2016
twitter.com,325.0,255.0,580,Abril,4,2016
youtu.be,27.0,6.0,33,Abril,4,2016
instagram.com,41.0,43.0,84,Maio,5,2016
t.co,45.0,296.0,341,Maio,5,2016
facebook.com,2685.0,7188.0,9873,Maio,5,2016
xvideos.com,162.0,86.0,248,Maio,5,2016
youtube.com,357.0,5349.0,5706,Maio,5,2016
fbcdn.net,55.0,32.0,87,Maio,5,2016
globo.com,59.0,32.0,91,Maio,5,2016
google.com.br,46.0,36.0,82,Maio,5,2016
twitter.com,567.0,3510.0,4077,Maio,5,2016
youtu.be,40.0,794.0,834,Maio,5,2016
instagram.com,35.0,19.0,54,Junho,6,2016
facebook.com,1621.0,4901.0,6522,Junho,6,2016
xvideos.com,142.0,66.0,208,Junho,6,2016
youtube.com,162.0,912.0,1074,Junho,6,2016
tumblr.com,101.0,34.0,135,Junho,6,2016
globo.com,62.0,88.0,150,Junho,6,2016
mail.ru,32.0,3.0,35,Junho,6,2016
google.com.br,38.0,15.0,53,Junho,6,2016
twitter.com,227.0,604.0,831,Junho,6,2016
imgsrc.ru,46.0,18.0,64,Junho,6,2016
instagram.com,26.0,19.0,45,Julho,7,2016
facebook.com,1268.0,1228.0,2496,Julho,7,2016
xvideos.com,121.0,53.0,174,Julho,7,2016
youtube.com,120.0,83.0,203,Julho,7,2016
globo.com,69.0,61.0,130,Julho,7,2016
google.com.br,56.0,14.0,70,Julho,7,2016
vitorrentz.in,36.0,16.0,52,Julho,7,2016
twitter.com,134.0,214.0,348,Julho,7,2016
dropbox.com,55.0,10.0,65,Julho,7,2016
imgsrc.ru,27.0,18.0,45,Julho,7,2016
instagram.com,37.0,46.0,83,Agosto,8,2016
facebook.com,1632.0,2754.0,4386,Agosto,8,2016
xvideos.com,96.0,136.0,232,Agosto,8,2016
youtube.com,111.0,191.0,302,Agosto,8,2016
tumblr.com,43.0,17.0,60,Agosto,8,2016
globo.com,32.0,46.0,78,Agosto,8,2016
yahoo.com,33.0,28.0,61,Agosto,8,2016
google.com.br,55.0,137.0,192,Agosto,8,2016
twitter.com,244.0,833.0,1077,Agosto,8,2016
dropbox.com,26.0,30.0,56,Agosto,8,2016
instagram.com,20.0,34.0,54,Setembro,9,2016
facebook.com,992.0,1573.0,2565,Setembro,9,2016
xvideos.com,79.0,74.0,153,Setembro,9,2016
youtube.com,186.0,1457.0,1643,Setembro,9,2016
globo.com,31.0,284.0,315,Setembro,9,2016
mail.ru,34.0,6.0,40,Setembro,9,2016
google.com.br,24.0,12.0,36,Setembro,9,2016
pornhub.com,27.0,18.0,45,Setembro,9,2016
twitter.com,97.0,178.0,275,Setembro,9,2016
youtu.be,31.0,254.0,285,Setembro,9,2016
xnxx.com,22.0,5.0,27,Outubro,10,2016
facebook.com,326.0,295.0,621,Outubro,10,2016
xvideos.com,105.0,55.0,160,Outubro,10,2016
youtube.com,44.0,34.0,78,Outubro,10,2016
yahoo.com,19.0,51.0,70,Outubro,10,2016
google.com.br,44.0,8.0,52,Outubro,10,2016
pornhub.com,53.0,22.0,75,Outubro,10,2016
twitter.com,43.0,155.0,198,Outubro,10,2016
dropbox.com,31.0,18.0,49,Outubro,10,2016
imgsrc.ru,42.0,20.0,62,Outubro,10,2016
instagram.com,35.0,21.0,56,Novembro,11,2016
terra.com.br,39.0,18.0,57,Novembro,11,2016
facebook.com,692.0,404.0,1096,Novembro,11,2016
xvideos.com,69.0,25.0,94,Novembro,11,2016
youtube.com,139.0,61.0,200,Novembro,11,2016
google.com.br,67.0,5.0,72,Novembro,11,2016
pornhub.com,59.0,10.0,69,Novembro,11,2016
twitter.com,80.0,56.0,136,Novembro,11,2016
dropbox.com,46.0,2.0,48,Novembro,11,2016
imgsrc.ru,51.0,16.0,67,Novembro,11,2016
instagram.com,34.0,26.0,60,Dezembro,12,2016
facebook.com,710.0,361.0,1071,Dezembro,12,2016
xvideos.com,91.0,35.0,126,Dezembro,12,2016
youtube.com,100.0,47.0,147,Dezembro,12,2016
mail.ru,27.0,8.0,35,Dezembro,12,2016
google.com.br,62.0,6.0,68,Dezembro,12,2016
pornhub.com,28.0,7.0,35,Dezembro,12,2016
twitter.com,158.0,95.0,253,Dezembro,12,2016
dropbox.com,27.0,7.0,34,Dezembro,12,2016
imgsrc.ru,41.0,14.0,55,Dezembro,12,2016
instagram.com,27.0,11.0,38,Janeiro,1,2017
facebook.com,835.0,484.0,1319,Janeiro,1,2017
xvideos.com,121.0,29.0,150,Janeiro,1,2017
youtube.com,111.0,31.0,142,Janeiro,1,2017
globo.com,29.0,31.0,60,Janeiro,1,2017
mail.ru,25.0,8.0,33,Janeiro,1,2017
google.com.br,69.0,27.0,96,Janeiro,1,2017
uol.com.br,21.0,132.0,153,Janeiro,1,2017
twitter.com,139.0,86.0,225,Janeiro,1,2017
imgsrc.ru,45.0,19.0,64,Janeiro,1,2017
facebook.com,899.0,1591.0,2490,Fevereiro,2,2017
xvideos.com,154.0,49.0,203,Fevereiro,2,2017
youtube.com,161.0,368.0,529,Fevereiro,2,2017
tumblr.com,41.0,2.0,43,Fevereiro,2,2017
google.com.br,34.0,4.0,38,Fevereiro,2,2017
pornhub.com,37.0,15.0,52,Fevereiro,2,2017
twitter.com,221.0,224.0,445,Fevereiro,2,2017
periscope.tv,36.0,43.0,79,Fevereiro,2,2017
imgsrc.ru,40.0,17.0,57,Fevereiro,2,2017
youtu.be,32.0,50.0,82,Fevereiro,2,2017
xnxx.com,29.0,4.0,33,Março,3,2017
facebook.com,834.0,1020.0,1854,Março,3,2017
xvideos.com,179.0,31.0,210,Março,3,2017
youtube.com,101.0,59.0,160,Março,3,2017
google.com,29.0,7.0,36,Março,3,2017
google.com.br,49.0,4.0,53,Março,3,2017
uol.com.br,30.0,31.0,61,Março,3,2017
pornhub.com,37.0,2.0,39,Março,3,2017
twitter.com,344.0,81.0,425,Março,3,2017
periscope.tv,27.0,19.0,46,Março,3,2017
instagram.com,42.0,52.0,94,Abril,4,2017
facebook.com,953.0,782.0,1735,Abril,4,2017
xvideos.com,217.0,58.0,275,Abril,4,2017
youtube.com,133.0,28.0,161,Abril,4,2017
pure18.com,39.0,11.0,50,Abril,4,2017
filosofiadoestupro.net,47.0,6083.0,6130,Abril,4,2017
mega.nz,37.0,5.0,42,Abril,4,2017
google.com.br,59.0,1.0,60,Abril,4,2017
twitter.com,345.0,4071.0,4416,Abril,4,2017
imgsrc.ru,47.0,10.0,57,Abril,4,2017
instagram.com,41.0,23.0,64,Maio,5,2017
facebook.com,733.0,957.0,1690,Maio,5,2017
xvideos.com,253.0,72.0,325,Maio,5,2017
youtube.com,117.0,115.0,232,Maio,5,2017
pscp.tv,38.0,18.0,56,Maio,5,2017
mega.nz,44.0,3.0,47,Maio,5,2017
google.com.br,89.0,7.0,96,Maio,5,2017
uol.com.br,38.0,18.0,56,Maio,5,2017
pornhub.com,88.0,16.0,104,Maio,5,2017
twitter.com,263.0,535.0,798,Maio,5,2017
instagram.com,56.0,104.0,160,Junho,6,2017
whatsapp.com,42.0,36.0,78,Junho,6,2017
facebook.com,626.0,646.0,1272,Junho,6,2017
xvideos.com,174.0,100.0,274,Junho,6,2017
youtube.com,91.0,41.0,132,Junho,6,2017
google.com.br,56.0,7.0,63,Junho,6,2017
uol.com.br,35.0,33.0,68,Junho,6,2017
pornhub.com,61.0,13.0,74,Junho,6,2017
twitter.com,217.0,114.0,331,Junho,6,2017
instagram.com,106.0,40.0,146,Julho,7,2017
whatsapp.com,30.0,12.0,42,Julho,7,2017
facebook.com,560.0,551.0,1111,Julho,7,2017
xvideos.com,171.0,71.0,242,Julho,7,2017
youtube.com,83.0,56.0,139,Julho,7,2017
google.com.br,78.0,13.0,91,Julho,7,2017
pornhub.com,91.0,21.0,112,Julho,7,2017
twitter.com,281.0,332.0,613,Julho,7,2017
imagefap.com,38.0,2.0,40,Julho,7,2017
imgsrc.ru,34.0,39.0,73,Julho,7,2017
instagram.com,48.0,165.0,213,Agosto,8,2017
facebook.com,573.0,441.0,1014,Agosto,8,2017
xvideos.com,183.0,56.0,239,Agosto,8,2017
youtube.com,94.0,67.0,161,Agosto,8,2017
google.com.br,83.0,7.0,90,Agosto,8,2017
pornhub.com,48.0,23.0,71,Agosto,8,2017
twitter.com,317.0,145.0,462,Agosto,8,2017
url-img.link,47.0,8.0,55,Agosto,8,2017
imagefap.com,69.0,4.0,73,Agosto,8,2017
youtu.be,53.0,18.0,71,Agosto,8,2017
instagram.com,32.0,3.0,35,Setembro,9,2017
facebook.com,552.0,260.0,812,Setembro,9,2017
xvideos.com,191.0,45.0,236,Setembro,9,2017
youtube.com,90.0,155.0,245,Setembro,9,2017
google.com,62.0,58.0,120,Setembro,9,2017
google.com.br,244.0,10.0,254,Setembro,9,2017
pornhub.com,38.0,4.0,42,Setembro,9,2017
twitter.com,238.0,380.0,618,Setembro,9,2017
imagefap.com,31.0,0.0,31,Setembro,9,2017
imgsrc.ru,33.0,19.0,52,Setembro,9,2017
xnxx.com,32.0,4.0,36,Outubro,10,2017
facebook.com,520.0,208.0,728,Outubro,10,2017
xvideos.com,198.0,58.0,256,Outubro,10,2017
youtube.com,128.0,54.0,182,Outubro,10,2017
4shared.com,75.0,7.0,82,Outubro,10,2017
google.com.br,147.0,4.0,151,Outubro,10,2017
pornhub.com,32.0,2.0,34,Outubro,10,2017
twitter.com,113.0,42.0,155,Outubro,10,2017
imagefap.com,98.0,10.0,108,Outubro,10,2017
imgsrc.ru,37.0,24.0,61,Outubro,10,2017
instagram.com,71.0,60.0,131,Novembro,11,2017
facebook.com,524.0,249.0,773,Novembro,11,2017
xvideos.com,120.0,43.0,163,Novembro,11,2017
youtube.com,116.0,25.0,141,Novembro,11,2017
4shared.com,84.0,3.0,87,Novembro,11,2017
google.com.br,199.0,13.0,212,Novembro,11,2017
xhamster.com,54.0,11.0,65,Novembro,11,2017
pornhub.com,37.0,5.0,42,Novembro,11,2017
twitter.com,166.0,62.0,228,Novembro,11,2017
imgbox.com,52.0,4.0,56,Novembro,11,2017
instagram.com,52.0,174.0,226,Dezembro,12,2017
facebook.com,429.0,282.0,711,Dezembro,12,2017
xvideos.com,153.0,64.0,217,Dezembro,12,2017
youtube.com,63.0,37.0,100,Dezembro,12,2017
4shared.com,47.0,6.0,53,Dezembro,12,2017
google.com.br,123.0,61.0,184,Dezembro,12,2017
xhamster.com,54.0,12.0,66,Dezembro,12,2017
twitter.com,126.0,55.0,181,Dezembro,12,2017
imagefap.com,61.0,7.0,68,Dezembro,12,2017
imgsrc.ru,62.0,40.0,102,Dezembro,12,2017
instagram.com,51.0,30.0,81,Janeiro,1,2018
riodenojeira.com,228.0,33885.0,34113,Janeiro,1,2018
t.co,147.0,3347.0,3494,Janeiro,1,2018
facebook.com,1670.0,899.0,2569,Janeiro,1,2018
xvideos.com,180.0,43.0,223,Janeiro,1,2018
youtube.com,95.0,55.0,150,Janeiro,1,2018
mega.nz,69.0,7.0,76,Janeiro,1,2018
google.com.br,157.0,42.0,199,Janeiro,1,2018
twitter.com,151.0,94.0,245,Janeiro,1,2018
imagefap.com,109.0,6.0,115,Janeiro,1,2018
instagram.com,71.0,786.0,857,Fevereiro,2,2018
facebook.com,524.0,227.0,751,Fevereiro,2,2018
xvideos.com,161.0,53.0,214,Fevereiro,2,2018
youtube.com,109.0,15.0,124,Fevereiro,2,2018
mega.nz,63.0,9.0,72,Fevereiro,2,2018
google.com.br,218.0,6.0,224,Fevereiro,2,2018
pornhub.com,103.0,12.0,115,Fevereiro,2,2018
twitter.com,119.0,53.0,172,Fevereiro,2,2018
imagefap.com,123.0,16.0,139,Fevereiro,2,2018
youtu.be,56.0,43.0,99,Fevereiro,2,2018
instagram.com,58.0,30.0,88,Março,3,2018
facebook.com,746.0,296.0,1042,Março,3,2018
xvideos.com,220.0,54.0,274,Março,3,2018
youtube.com,101.0,17.0,118,Março,3,2018
openload.co,42.0,4.0,46,Março,3,2018
4shared.com,38.0,1.0,39,Março,3,2018
google.com.br,76.0,8.0,84,Março,3,2018
twitter.com,334.0,119.0,453,Março,3,2018
imagefap.com,160.0,28.0,188,Março,3,2018
imgsrc.ru,40.0,24.0,64,Março,3,2018
instagram.com,72.0,223.0,295,Abril,4,2018
facebook.com,605.0,289.0,894,Abril,4,2018
xvideos.com,144.0,32.0,176,Abril,4,2018
youtube.com,70.0,35.0,105,Abril,4,2018
tumblr.com,42.0,11.0,53,Abril,4,2018
mega.nz,43.0,21.0,64,Abril,4,2018
google.com.br,118.0,5.0,123,Abril,4,2018
twitter.com,215.0,69.0,284,Abril,4,2018
imagefap.com,50.0,8.0,58,Abril,4,2018
imgsrc.ru,57.0,39.0,96,Abril,4,2018
instagram.com,71.0,391.0,462,Maio,5,2018
whatsapp.com,39.0,29.0,68,Maio,5,2018
facebook.com,445.0,153.0,598,Maio,5,2018
xvideos.com,171.0,40.0,211,Maio,5,2018
youtube.com,78.0,13.0,91,Maio,5,2018
google.com.br,104.0,8.0,112,Maio,5,2018
twitter.com,191.0,447.0,638,Maio,5,2018
155chan.top,39.0,62.0,101,Maio,5,2018
vk.com,67.0,19.0,86,Maio,5,2018
imgsrc.ru,64.0,45.0,109,Maio,5,2018
instagram.com,42.0,12.0,54,Junho,6,2018
facebook.com,499.0,419.0,918,Junho,6,2018
xvideos.com,99.0,16.0,115,Junho,6,2018
youtube.com,63.0,17.0,80,Junho,6,2018
tumblr.com,52.0,9.0,61,Junho,6,2018
mega.nz,88.0,11.0,99,Junho,6,2018
google.com.br,80.0,3.0,83,Junho,6,2018
pornhub.com,65.0,13.0,78,Junho,6,2018
twitter.com,192.0,72.0,264,Junho,6,2018
riodenojeira.xyz,43.0,1787.0,1830,Junho,6,2018
instagram.com,72.0,21.0,93,Julho,7,2018
facebook.com,434.0,173.0,607,Julho,7,2018
xvideos.com,186.0,59.0,245,Julho,7,2018
youtube.com,67.0,79.0,146,Julho,7,2018
tumblr.com,56.0,4.0,60,Julho,7,2018
mega.nz,65.0,14.0,79,Julho,7,2018
mail.ru,59.0,5.0,64,Julho,7,2018
google.com.br,86.0,9.0,95,Julho,7,2018
pornhub.com,51.0,19.0,70,Julho,7,2018
twitter.com,205.0,77.0,282,Julho,7,2018
instagram.com,93.0,361.0,454,Agosto,8,2018
facebook.com,434.0,223.0,657,Agosto,8,2018
xvideos.com,124.0,31.0,155,Agosto,8,2018
youtube.com,66.0,15.0,81,Agosto,8,2018
tumblr.com,207.0,15.0,222,Agosto,8,2018
mega.nz,62.0,9.0,71,Agosto,8,2018
mail.ru,51.0,1.0,52,Agosto,8,2018
google.com.br,42.0,2.0,44,Agosto,8,2018
twitter.com,128.0,58.0,186,Agosto,8,2018
imgsrc.ru,43.0,21.0,64,Agosto,8,2018
instagram.com,200.0,291.0,491,Setembro,9,2018
facebook.com,1151.0,554.0,1705,Setembro,9,2018
xvideos.com,111.0,25.0,136,Setembro,9,2018
youtube.com,97.0,46.0,143,Setembro,9,2018
155chan.gr,53.0,142.0,195,Setembro,9,2018
tumblr.com,278.0,33.0,311,Setembro,9,2018
off-cams.com,44.0,8.0,52,Setembro,9,2018
google.com.br,101.0,15.0,116,Setembro,9,2018
pornhub.com,72.0,26.0,98,Setembro,9,2018
twitter.com,292.0,110.0,402,Setembro,9,2018
instagram.com,579.0,1061.0,1640,Outubro,10,2018
facebook.com,9240.0,3624.0,12864,Outubro,10,2018
xvideos.com,152.0,44.0,196,Outubro,10,2018
youtube.com,221.0,56.0,277,Outubro,10,2018
155chan.gr,80.0,173.0,253,Outubro,10,2018
nnhoney.com,78.0,2.0,80,Outubro,10,2018
peticaopublica.com.br,953.0,4945.0,5898,Outubro,10,2018
google.com.br,67.0,5.0,72,Outubro,10,2018
twitter.com,840.0,534.0,1374,Outubro,10,2018
youtu.be,96.0,47.0,143,Outubro,10,2018
instagram.com,180.0,74.0,254,Novembro,11,2018
facebook.com,669.0,464.0,1133,Novembro,11,2018
xvideos.com,93.0,35.0,128,Novembro,11,2018
youtube.com,58.0,13.0,71,Novembro,11,2018
155chan.gr,71.0,162.0,233,Novembro,11,2018
tumblr.com,47.0,38.0,85,Novembro,11,2018
mega.nz,54.0,18.0,72,Novembro,11,2018
pornhub.com,49.0,5.0,54,Novembro,11,2018
twitter.com,340.0,398.0,738,Novembro,11,2018
imgsrc.ru,43.0,34.0,77,Novembro,11,2018
instagram.com,136.0,120.0,256,Dezembro,12,2018
whatsapp.com,62.0,30.0,92,Dezembro,12,2018
facebook.com,654.0,282.0,936,Dezembro,12,2018
xvideos.com,108.0,47.0,155,Dezembro,12,2018
155chan.gr,39.0,123.0,162,Dezembro,12,2018
google.com,46.0,30.0,76,Dezembro,12,2018
mega.nz,109.0,28.0,137,Dezembro,12,2018
jpg4.club,44.0,2.0,46,Dezembro,12,2018
twitter.com,423.0,179.0,602,Dezembro,12,2018
youtu.be,39.0,8.0,47,Dezembro,12,2018
