Idioma,Total de Denúncias,Mês,Mês Número,Ano
portuguese,56,Janeiro,1,2006
french,10,Janeiro,1,2006
farsi,3,Janeiro,1,2006
swedish,0,Janeiro,1,2006
russian,9,Janeiro,1,2006
german,2,Janeiro,1,2006
spanish,9,Janeiro,1,2006
dutch,3,Janeiro,1,2006
pinyin,0,Janeiro,1,2006
english,190,Janeiro,1,2006
portuguese,51,Fevereiro,2,2006
french,10,Fevereiro,2,2006
farsi,0,Fevereiro,2,2006
swedish,0,Fevereiro,2,2006
russian,4,Fevereiro,2,2006
german,0,Fevereiro,2,2006
spanish,6,Fevereiro,2,2006
dutch,8,Fevereiro,2,2006
pinyin,0,Fevereiro,2,2006
english,200,Fevereiro,2,2006
portuguese,131,Março,3,2006
french,11,Março,3,2006
farsi,0,Março,3,2006
swedish,0,Março,3,2006
russian,100,Março,3,2006
german,0,Março,3,2006
spanish,13,Março,3,2006
dutch,8,Março,3,2006
pinyin,0,Março,3,2006
english,231,Março,3,2006
portuguese,180,Abril,4,2006
french,19,Abril,4,2006
farsi,0,Abril,4,2006
swedish,0,Abril,4,2006
russian,19,Abril,4,2006
german,3,Abril,4,2006
spanish,13,Abril,4,2006
dutch,6,Abril,4,2006
pinyin,0,Abril,4,2006
english,346,Abril,4,2006
portuguese,149,Maio,5,2006
french,8,Maio,5,2006
farsi,1,Maio,5,2006
swedish,0,Maio,5,2006
russian,14,Maio,5,2006
german,0,Maio,5,2006
spanish,16,Maio,5,2006
dutch,4,Maio,5,2006
pinyin,0,Maio,5,2006
english,367,Maio,5,2006
portuguese,115,Junho,6,2006
french,3,Junho,6,2006
farsi,3,Junho,6,2006
swedish,0,Junho,6,2006
russian,6,Junho,6,2006
german,0,Junho,6,2006
spanish,7,Junho,6,2006
dutch,0,Junho,6,2006
pinyin,0,Junho,6,2006
english,233,Junho,6,2006
portuguese,101,Julho,7,2006
french,4,Julho,7,2006
farsi,0,Julho,7,2006
swedish,0,Julho,7,2006
russian,5,Julho,7,2006
german,5,Julho,7,2006
spanish,10,Julho,7,2006
dutch,5,Julho,7,2006
pinyin,0,Julho,7,2006
english,394,Julho,7,2006
portuguese,129,Agosto,8,2006
french,9,Agosto,8,2006
farsi,2,Agosto,8,2006
swedish,0,Agosto,8,2006
russian,14,Agosto,8,2006
german,1,Agosto,8,2006
spanish,10,Agosto,8,2006
dutch,4,Agosto,8,2006
pinyin,0,Agosto,8,2006
english,487,Agosto,8,2006
portuguese,564,Setembro,9,2006
french,1,Setembro,9,2006
farsi,0,Setembro,9,2006
swedish,1,Setembro,9,2006
russian,6,Setembro,9,2006
german,0,Setembro,9,2006
spanish,4,Setembro,9,2006
dutch,4,Setembro,9,2006
pinyin,0,Setembro,9,2006
english,1102,Setembro,9,2006
portuguese,184,Outubro,10,2006
french,6,Outubro,10,2006
farsi,0,Outubro,10,2006
swedish,0,Outubro,10,2006
russian,23,Outubro,10,2006
german,1,Outubro,10,2006
spanish,3,Outubro,10,2006
dutch,4,Outubro,10,2006
pinyin,0,Outubro,10,2006
english,1073,Outubro,10,2006
portuguese,979,Novembro,11,2006
french,10,Novembro,11,2006
farsi,0,Novembro,11,2006
swedish,0,Novembro,11,2006
russian,44,Novembro,11,2006
german,0,Novembro,11,2006
spanish,4,Novembro,11,2006
dutch,7,Novembro,11,2006
pinyin,0,Novembro,11,2006
english,2186,Novembro,11,2006
portuguese,504,Dezembro,12,2006
french,4,Dezembro,12,2006
farsi,0,Dezembro,12,2006
swedish,0,Dezembro,12,2006
russian,20,Dezembro,12,2006
german,0,Dezembro,12,2006
spanish,3,Dezembro,12,2006
dutch,2,Dezembro,12,2006
pinyin,0,Dezembro,12,2006
english,1134,Dezembro,12,2006
portuguese,261,Janeiro,1,2007
french,4,Janeiro,1,2007
farsi,1,Janeiro,1,2007
swedish,0,Janeiro,1,2007
russian,11,Janeiro,1,2007
german,0,Janeiro,1,2007
spanish,3,Janeiro,1,2007
dutch,1,Janeiro,1,2007
pinyin,0,Janeiro,1,2007
english,648,Janeiro,1,2007
portuguese,210,Fevereiro,2,2007
french,5,Fevereiro,2,2007
farsi,2,Fevereiro,2,2007
swedish,0,Fevereiro,2,2007
russian,7,Fevereiro,2,2007
german,1,Fevereiro,2,2007
spanish,11,Fevereiro,2,2007
dutch,0,Fevereiro,2,2007
pinyin,0,Fevereiro,2,2007
english,431,Fevereiro,2,2007
portuguese,394,Março,3,2007
french,5,Março,3,2007
farsi,0,Março,3,2007
swedish,0,Março,3,2007
russian,3,Março,3,2007
german,0,Março,3,2007
spanish,7,Março,3,2007
dutch,1,Março,3,2007
pinyin,0,Março,3,2007
english,455,Março,3,2007
portuguese,329,Abril,4,2007
french,18,Abril,4,2007
farsi,0,Abril,4,2007
swedish,0,Abril,4,2007
russian,15,Abril,4,2007
german,2,Abril,4,2007
spanish,15,Abril,4,2007
dutch,8,Abril,4,2007
pinyin,0,Abril,4,2007
english,820,Abril,4,2007
portuguese,381,Maio,5,2007
french,27,Maio,5,2007
farsi,0,Maio,5,2007
swedish,0,Maio,5,2007
russian,53,Maio,5,2007
german,38,Maio,5,2007
spanish,2,Maio,5,2007
dutch,17,Maio,5,2007
pinyin,0,Maio,5,2007
english,1781,Maio,5,2007
portuguese,272,Junho,6,2007
french,11,Junho,6,2007
farsi,1,Junho,6,2007
swedish,0,Junho,6,2007
russian,16,Junho,6,2007
german,5,Junho,6,2007
spanish,148,Junho,6,2007
dutch,13,Junho,6,2007
pinyin,0,Junho,6,2007
english,834,Junho,6,2007
portuguese,400,Julho,7,2007
french,12,Julho,7,2007
farsi,0,Julho,7,2007
swedish,0,Julho,7,2007
russian,9,Julho,7,2007
german,4,Julho,7,2007
spanish,45,Julho,7,2007
dutch,7,Julho,7,2007
pinyin,0,Julho,7,2007
english,550,Julho,7,2007
portuguese,194,Agosto,8,2007
french,34,Agosto,8,2007
farsi,1,Agosto,8,2007
swedish,0,Agosto,8,2007
russian,27,Agosto,8,2007
german,3,Agosto,8,2007
spanish,7,Agosto,8,2007
dutch,3,Agosto,8,2007
pinyin,0,Agosto,8,2007
english,944,Agosto,8,2007
portuguese,176,Setembro,9,2007
french,15,Setembro,9,2007
farsi,0,Setembro,9,2007
swedish,0,Setembro,9,2007
russian,13,Setembro,9,2007
german,7,Setembro,9,2007
spanish,15,Setembro,9,2007
dutch,1,Setembro,9,2007
pinyin,0,Setembro,9,2007
english,724,Setembro,9,2007
portuguese,262,Outubro,10,2007
french,8,Outubro,10,2007
farsi,0,Outubro,10,2007
swedish,0,Outubro,10,2007
russian,74,Outubro,10,2007
german,3,Outubro,10,2007
spanish,10,Outubro,10,2007
dutch,3,Outubro,10,2007
pinyin,0,Outubro,10,2007
english,675,Outubro,10,2007
portuguese,204,Novembro,11,2007
french,52,Novembro,11,2007
farsi,3,Novembro,11,2007
swedish,0,Novembro,11,2007
russian,13,Novembro,11,2007
german,5,Novembro,11,2007
spanish,10,Novembro,11,2007
dutch,1,Novembro,11,2007
pinyin,0,Novembro,11,2007
english,591,Novembro,11,2007
portuguese,232,Dezembro,12,2007
french,36,Dezembro,12,2007
farsi,6,Dezembro,12,2007
swedish,0,Dezembro,12,2007
russian,14,Dezembro,12,2007
german,4,Dezembro,12,2007
spanish,9,Dezembro,12,2007
dutch,0,Dezembro,12,2007
pinyin,0,Dezembro,12,2007
english,529,Dezembro,12,2007
portuguese,212,Janeiro,1,2008
french,68,Janeiro,1,2008
farsi,0,Janeiro,1,2008
swedish,0,Janeiro,1,2008
russian,22,Janeiro,1,2008
german,5,Janeiro,1,2008
spanish,25,Janeiro,1,2008
dutch,1,Janeiro,1,2008
pinyin,0,Janeiro,1,2008
english,651,Janeiro,1,2008
portuguese,203,Fevereiro,2,2008
french,26,Fevereiro,2,2008
farsi,0,Fevereiro,2,2008
swedish,0,Fevereiro,2,2008
russian,18,Fevereiro,2,2008
german,8,Fevereiro,2,2008
spanish,7,Fevereiro,2,2008
dutch,1,Fevereiro,2,2008
pinyin,0,Fevereiro,2,2008
english,473,Fevereiro,2,2008
portuguese,226,Março,3,2008
french,13,Março,3,2008
farsi,1,Março,3,2008
swedish,0,Março,3,2008
russian,17,Março,3,2008
german,4,Março,3,2008
spanish,10,Março,3,2008
dutch,2,Março,3,2008
pinyin,0,Março,3,2008
english,416,Março,3,2008
portuguese,223,Abril,4,2008
french,10,Abril,4,2008
farsi,1,Abril,4,2008
swedish,0,Abril,4,2008
russian,25,Abril,4,2008
german,0,Abril,4,2008
spanish,11,Abril,4,2008
dutch,1,Abril,4,2008
pinyin,0,Abril,4,2008
english,572,Abril,4,2008
portuguese,192,Maio,5,2008
french,17,Maio,5,2008
farsi,0,Maio,5,2008
swedish,0,Maio,5,2008
russian,28,Maio,5,2008
german,4,Maio,5,2008
spanish,7,Maio,5,2008
dutch,5,Maio,5,2008
pinyin,0,Maio,5,2008
english,516,Maio,5,2008
portuguese,439,Junho,6,2008
french,46,Junho,6,2008
farsi,0,Junho,6,2008
swedish,0,Junho,6,2008
russian,42,Junho,6,2008
german,2,Junho,6,2008
spanish,10,Junho,6,2008
dutch,0,Junho,6,2008
pinyin,0,Junho,6,2008
english,763,Junho,6,2008
portuguese,411,Julho,7,2008
french,53,Julho,7,2008
farsi,1,Julho,7,2008
swedish,0,Julho,7,2008
russian,103,Julho,7,2008
german,20,Julho,7,2008
spanish,12,Julho,7,2008
dutch,19,Julho,7,2008
pinyin,0,Julho,7,2008
english,1525,Julho,7,2008
portuguese,338,Agosto,8,2008
french,96,Agosto,8,2008
farsi,0,Agosto,8,2008
swedish,0,Agosto,8,2008
russian,70,Agosto,8,2008
german,3,Agosto,8,2008
spanish,32,Agosto,8,2008
dutch,44,Agosto,8,2008
pinyin,0,Agosto,8,2008
english,1757,Agosto,8,2008
portuguese,341,Setembro,9,2008
french,31,Setembro,9,2008
farsi,0,Setembro,9,2008
swedish,0,Setembro,9,2008
russian,66,Setembro,9,2008
german,15,Setembro,9,2008
spanish,26,Setembro,9,2008
dutch,36,Setembro,9,2008
pinyin,0,Setembro,9,2008
english,1349,Setembro,9,2008
portuguese,389,Outubro,10,2008
french,80,Outubro,10,2008
farsi,0,Outubro,10,2008
swedish,0,Outubro,10,2008
russian,44,Outubro,10,2008
german,5,Outubro,10,2008
spanish,39,Outubro,10,2008
dutch,25,Outubro,10,2008
pinyin,0,Outubro,10,2008
english,1423,Outubro,10,2008
portuguese,431,Novembro,11,2008
french,39,Novembro,11,2008
farsi,0,Novembro,11,2008
swedish,0,Novembro,11,2008
russian,76,Novembro,11,2008
german,4,Novembro,11,2008
spanish,37,Novembro,11,2008
dutch,7,Novembro,11,2008
pinyin,0,Novembro,11,2008
english,1207,Novembro,11,2008
portuguese,364,Dezembro,12,2008
french,36,Dezembro,12,2008
farsi,1,Dezembro,12,2008
swedish,1,Dezembro,12,2008
russian,57,Dezembro,12,2008
german,2,Dezembro,12,2008
spanish,16,Dezembro,12,2008
dutch,17,Dezembro,12,2008
pinyin,0,Dezembro,12,2008
english,1141,Dezembro,12,2008
portuguese,289,Janeiro,1,2009
french,40,Janeiro,1,2009
farsi,0,Janeiro,1,2009
swedish,0,Janeiro,1,2009
russian,45,Janeiro,1,2009
german,2,Janeiro,1,2009
spanish,29,Janeiro,1,2009
dutch,2,Janeiro,1,2009
pinyin,0,Janeiro,1,2009
english,933,Janeiro,1,2009
portuguese,355,Fevereiro,2,2009
french,41,Fevereiro,2,2009
farsi,1,Fevereiro,2,2009
swedish,0,Fevereiro,2,2009
russian,79,Fevereiro,2,2009
german,6,Fevereiro,2,2009
spanish,31,Fevereiro,2,2009
dutch,2,Fevereiro,2,2009
pinyin,0,Fevereiro,2,2009
english,1428,Fevereiro,2,2009
portuguese,474,Março,3,2009
french,82,Março,3,2009
farsi,14,Março,3,2009
swedish,0,Março,3,2009
russian,89,Março,3,2009
german,16,Março,3,2009
spanish,28,Março,3,2009
dutch,4,Março,3,2009
pinyin,0,Março,3,2009
english,1452,Março,3,2009
portuguese,389,Abril,4,2009
french,41,Abril,4,2009
farsi,2,Abril,4,2009
swedish,0,Abril,4,2009
russian,56,Abril,4,2009
german,6,Abril,4,2009
spanish,21,Abril,4,2009
dutch,1,Abril,4,2009
pinyin,0,Abril,4,2009
english,1286,Abril,4,2009
portuguese,508,Maio,5,2009
french,35,Maio,5,2009
farsi,0,Maio,5,2009
swedish,0,Maio,5,2009
russian,32,Maio,5,2009
german,4,Maio,5,2009
spanish,19,Maio,5,2009
dutch,5,Maio,5,2009
pinyin,0,Maio,5,2009
english,889,Maio,5,2009
portuguese,415,Junho,6,2009
french,37,Junho,6,2009
farsi,0,Junho,6,2009
swedish,0,Junho,6,2009
russian,46,Junho,6,2009
german,13,Junho,6,2009
spanish,22,Junho,6,2009
dutch,5,Junho,6,2009
pinyin,0,Junho,6,2009
english,1035,Junho,6,2009
portuguese,527,Julho,7,2009
french,43,Julho,7,2009
farsi,1,Julho,7,2009
swedish,0,Julho,7,2009
russian,58,Julho,7,2009
german,7,Julho,7,2009
spanish,28,Julho,7,2009
dutch,0,Julho,7,2009
pinyin,0,Julho,7,2009
english,941,Julho,7,2009
portuguese,446,Agosto,8,2009
french,28,Agosto,8,2009
farsi,1,Agosto,8,2009
swedish,0,Agosto,8,2009
russian,58,Agosto,8,2009
german,10,Agosto,8,2009
spanish,41,Agosto,8,2009
dutch,6,Agosto,8,2009
pinyin,0,Agosto,8,2009
english,919,Agosto,8,2009
portuguese,454,Setembro,9,2009
french,41,Setembro,9,2009
farsi,0,Setembro,9,2009
swedish,0,Setembro,9,2009
russian,161,Setembro,9,2009
german,9,Setembro,9,2009
spanish,50,Setembro,9,2009
dutch,7,Setembro,9,2009
pinyin,0,Setembro,9,2009
english,1013,Setembro,9,2009
portuguese,651,Outubro,10,2009
french,32,Outubro,10,2009
farsi,6,Outubro,10,2009
swedish,0,Outubro,10,2009
russian,184,Outubro,10,2009
german,5,Outubro,10,2009
spanish,58,Outubro,10,2009
dutch,6,Outubro,10,2009
pinyin,0,Outubro,10,2009
english,1347,Outubro,10,2009
portuguese,809,Novembro,11,2009
french,85,Novembro,11,2009
farsi,0,Novembro,11,2009
swedish,0,Novembro,11,2009
russian,88,Novembro,11,2009
german,23,Novembro,11,2009
spanish,44,Novembro,11,2009
dutch,12,Novembro,11,2009
pinyin,0,Novembro,11,2009
english,1496,Novembro,11,2009
portuguese,757,Dezembro,12,2009
french,53,Dezembro,12,2009
farsi,2,Dezembro,12,2009
swedish,0,Dezembro,12,2009
russian,129,Dezembro,12,2009
german,15,Dezembro,12,2009
spanish,60,Dezembro,12,2009
dutch,4,Dezembro,12,2009
pinyin,0,Dezembro,12,2009
english,1713,Dezembro,12,2009
portuguese,697,Janeiro,1,2010
french,32,Janeiro,1,2010
farsi,1,Janeiro,1,2010
swedish,0,Janeiro,1,2010
russian,94,Janeiro,1,2010
german,3,Janeiro,1,2010
spanish,51,Janeiro,1,2010
dutch,8,Janeiro,1,2010
pinyin,0,Janeiro,1,2010
english,1316,Janeiro,1,2010
portuguese,341,Fevereiro,2,2010
french,46,Fevereiro,2,2010
farsi,0,Fevereiro,2,2010
swedish,0,Fevereiro,2,2010
russian,49,Fevereiro,2,2010
german,11,Fevereiro,2,2010
spanish,42,Fevereiro,2,2010
dutch,1,Fevereiro,2,2010
pinyin,0,Fevereiro,2,2010
english,957,Fevereiro,2,2010
portuguese,749,Março,3,2010
french,63,Março,3,2010
farsi,0,Março,3,2010
swedish,0,Março,3,2010
russian,64,Março,3,2010
german,2,Março,3,2010
spanish,39,Março,3,2010
dutch,4,Março,3,2010
pinyin,0,Março,3,2010
english,1702,Março,3,2010
portuguese,1628,Abril,4,2010
french,162,Abril,4,2010
farsi,15,Abril,4,2010
swedish,0,Abril,4,2010
russian,132,Abril,4,2010
german,19,Abril,4,2010
spanish,117,Abril,4,2010
dutch,18,Abril,4,2010
pinyin,0,Abril,4,2010
english,3544,Abril,4,2010
portuguese,1407,Maio,5,2010
french,76,Maio,5,2010
farsi,1,Maio,5,2010
swedish,0,Maio,5,2010
russian,75,Maio,5,2010
german,8,Maio,5,2010
spanish,74,Maio,5,2010
dutch,3,Maio,5,2010
pinyin,0,Maio,5,2010
english,1729,Maio,5,2010
portuguese,864,Junho,6,2010
french,93,Junho,6,2010
farsi,1,Junho,6,2010
swedish,0,Junho,6,2010
russian,54,Junho,6,2010
german,11,Junho,6,2010
spanish,26,Junho,6,2010
dutch,2,Junho,6,2010
pinyin,0,Junho,6,2010
english,1281,Junho,6,2010
portuguese,1732,Julho,7,2010
french,64,Julho,7,2010
farsi,0,Julho,7,2010
swedish,0,Julho,7,2010
russian,174,Julho,7,2010
german,3,Julho,7,2010
spanish,58,Julho,7,2010
dutch,5,Julho,7,2010
pinyin,0,Julho,7,2010
english,1600,Julho,7,2010
portuguese,1384,Agosto,8,2010
french,218,Agosto,8,2010
farsi,28,Agosto,8,2010
swedish,0,Agosto,8,2010
russian,182,Agosto,8,2010
german,26,Agosto,8,2010
spanish,72,Agosto,8,2010
dutch,28,Agosto,8,2010
pinyin,0,Agosto,8,2010
english,3984,Agosto,8,2010
portuguese,1043,Setembro,9,2010
french,104,Setembro,9,2010
farsi,0,Setembro,9,2010
swedish,0,Setembro,9,2010
russian,127,Setembro,9,2010
german,13,Setembro,9,2010
spanish,54,Setembro,9,2010
dutch,2,Setembro,9,2010
pinyin,0,Setembro,9,2010
english,1893,Setembro,9,2010
portuguese,1049,Outubro,10,2010
french,105,Outubro,10,2010
farsi,3,Outubro,10,2010
swedish,0,Outubro,10,2010
russian,114,Outubro,10,2010
german,10,Outubro,10,2010
spanish,46,Outubro,10,2010
dutch,1,Outubro,10,2010
pinyin,0,Outubro,10,2010
english,1934,Outubro,10,2010
portuguese,2357,Novembro,11,2010
french,88,Novembro,11,2010
farsi,2,Novembro,11,2010
swedish,0,Novembro,11,2010
russian,141,Novembro,11,2010
german,11,Novembro,11,2010
spanish,58,Novembro,11,2010
dutch,0,Novembro,11,2010
pinyin,0,Novembro,11,2010
english,19576,Novembro,11,2010
portuguese,1222,Dezembro,12,2010
french,152,Dezembro,12,2010
farsi,0,Dezembro,12,2010
swedish,0,Dezembro,12,2010
russian,74,Dezembro,12,2010
german,7,Dezembro,12,2010
spanish,38,Dezembro,12,2010
dutch,2,Dezembro,12,2010
pinyin,0,Dezembro,12,2010
english,7496,Dezembro,12,2010
portuguese,1273,Janeiro,1,2011
french,73,Janeiro,1,2011
farsi,0,Janeiro,1,2011
swedish,0,Janeiro,1,2011
russian,67,Janeiro,1,2011
german,12,Janeiro,1,2011
spanish,61,Janeiro,1,2011
dutch,4,Janeiro,1,2011
pinyin,0,Janeiro,1,2011
english,2322,Janeiro,1,2011
portuguese,1355,Fevereiro,2,2011
french,74,Fevereiro,2,2011
farsi,1,Fevereiro,2,2011
swedish,1,Fevereiro,2,2011
russian,96,Fevereiro,2,2011
german,5,Fevereiro,2,2011
spanish,74,Fevereiro,2,2011
dutch,13,Fevereiro,2,2011
pinyin,0,Fevereiro,2,2011
english,2009,Fevereiro,2,2011
portuguese,1055,Março,3,2011
french,92,Março,3,2011
farsi,0,Março,3,2011
swedish,5,Março,3,2011
russian,126,Março,3,2011
german,11,Março,3,2011
spanish,63,Março,3,2011
dutch,44,Março,3,2011
pinyin,0,Março,3,2011
english,2050,Março,3,2011
portuguese,1726,Abril,4,2011
french,163,Abril,4,2011
farsi,6,Abril,4,2011
swedish,6,Abril,4,2011
russian,161,Abril,4,2011
german,13,Abril,4,2011
spanish,86,Abril,4,2011
dutch,179,Abril,4,2011
pinyin,0,Abril,4,2011
english,3032,Abril,4,2011
portuguese,7624,Maio,5,2011
french,83,Maio,5,2011
farsi,1,Maio,5,2011
swedish,1,Maio,5,2011
russian,158,Maio,5,2011
german,7,Maio,5,2011
spanish,65,Maio,5,2011
dutch,17,Maio,5,2011
pinyin,0,Maio,5,2011
english,3450,Maio,5,2011
portuguese,10010,Junho,6,2011
french,70,Junho,6,2011
farsi,2,Junho,6,2011
swedish,0,Junho,6,2011
russian,117,Junho,6,2011
german,3,Junho,6,2011
spanish,94,Junho,6,2011
dutch,10,Junho,6,2011
pinyin,0,Junho,6,2011
english,1604,Junho,6,2011
portuguese,3877,Julho,7,2011
french,71,Julho,7,2011
farsi,0,Julho,7,2011
swedish,1,Julho,7,2011
russian,112,Julho,7,2011
german,8,Julho,7,2011
spanish,63,Julho,7,2011
dutch,20,Julho,7,2011
pinyin,0,Julho,7,2011
english,2065,Julho,7,2011
portuguese,2117,Agosto,8,2011
french,91,Agosto,8,2011
farsi,0,Agosto,8,2011
swedish,0,Agosto,8,2011
russian,146,Agosto,8,2011
german,3,Agosto,8,2011
spanish,124,Agosto,8,2011
dutch,8,Agosto,8,2011
pinyin,0,Agosto,8,2011
english,1381,Agosto,8,2011
portuguese,6152,Setembro,9,2011
french,126,Setembro,9,2011
farsi,3,Setembro,9,2011
swedish,0,Setembro,9,2011
russian,135,Setembro,9,2011
german,6,Setembro,9,2011
spanish,80,Setembro,9,2011
dutch,5,Setembro,9,2011
pinyin,0,Setembro,9,2011
english,1991,Setembro,9,2011
portuguese,32806,Outubro,10,2011
french,229,Outubro,10,2011
farsi,3,Outubro,10,2011
swedish,0,Outubro,10,2011
russian,517,Outubro,10,2011
german,3,Outubro,10,2011
spanish,196,Outubro,10,2011
dutch,9,Outubro,10,2011
pinyin,0,Outubro,10,2011
english,2152,Outubro,10,2011
portuguese,20173,Novembro,11,2011
french,255,Novembro,11,2011
farsi,2,Novembro,11,2011
swedish,0,Novembro,11,2011
russian,161,Novembro,11,2011
german,6,Novembro,11,2011
spanish,73,Novembro,11,2011
dutch,4,Novembro,11,2011
pinyin,0,Novembro,11,2011
english,1600,Novembro,11,2011
portuguese,43739,Dezembro,12,2011
french,239,Dezembro,12,2011
farsi,2,Dezembro,12,2011
swedish,0,Dezembro,12,2011
russian,6168,Dezembro,12,2011
german,8,Dezembro,12,2011
spanish,313,Dezembro,12,2011
dutch,9,Dezembro,12,2011
pinyin,0,Dezembro,12,2011
english,1591,Dezembro,12,2011
portuguese,3315,Janeiro,1,2012
french,387,Janeiro,1,2012
farsi,0,Janeiro,1,2012
swedish,0,Janeiro,1,2012
russian,387,Janeiro,1,2012
german,10,Janeiro,1,2012
spanish,68,Janeiro,1,2012
dutch,6,Janeiro,1,2012
pinyin,0,Janeiro,1,2012
english,1391,Janeiro,1,2012
portuguese,12057,Fevereiro,2,2012
french,111,Fevereiro,2,2012
farsi,3,Fevereiro,2,2012
swedish,0,Fevereiro,2,2012
russian,259,Fevereiro,2,2012
german,8,Fevereiro,2,2012
spanish,75,Fevereiro,2,2012
dutch,4,Fevereiro,2,2012
pinyin,0,Fevereiro,2,2012
english,1203,Fevereiro,2,2012
portuguese,4365,Março,3,2012
french,78,Março,3,2012
farsi,0,Março,3,2012
swedish,0,Março,3,2012
russian,193,Março,3,2012
german,9,Março,3,2012
spanish,107,Março,3,2012
dutch,4,Março,3,2012
pinyin,0,Março,3,2012
english,1557,Março,3,2012
portuguese,4962,Abril,4,2012
french,75,Abril,4,2012
farsi,0,Abril,4,2012
swedish,0,Abril,4,2012
russian,198,Abril,4,2012
german,3,Abril,4,2012
spanish,81,Abril,4,2012
dutch,8,Abril,4,2012
pinyin,0,Abril,4,2012
english,1320,Abril,4,2012
portuguese,3996,Maio,5,2012
french,131,Maio,5,2012
farsi,1,Maio,5,2012
swedish,0,Maio,5,2012
russian,221,Maio,5,2012
german,5,Maio,5,2012
spanish,71,Maio,5,2012
dutch,16,Maio,5,2012
pinyin,0,Maio,5,2012
english,1763,Maio,5,2012
portuguese,2527,Junho,6,2012
french,110,Junho,6,2012
farsi,0,Junho,6,2012
swedish,3,Junho,6,2012
russian,237,Junho,6,2012
german,5,Junho,6,2012
spanish,64,Junho,6,2012
dutch,4,Junho,6,2012
pinyin,0,Junho,6,2012
english,1106,Junho,6,2012
portuguese,9691,Julho,7,2012
french,366,Julho,7,2012
farsi,0,Julho,7,2012
swedish,6,Julho,7,2012
russian,1086,Julho,7,2012
german,25,Julho,7,2012
spanish,134,Julho,7,2012
dutch,1,Julho,7,2012
pinyin,0,Julho,7,2012
english,1670,Julho,7,2012
portuguese,8446,Agosto,8,2012
french,154,Agosto,8,2012
farsi,0,Agosto,8,2012
swedish,1,Agosto,8,2012
russian,360,Agosto,8,2012
german,3,Agosto,8,2012
spanish,74,Agosto,8,2012
dutch,6,Agosto,8,2012
pinyin,0,Agosto,8,2012
english,2776,Agosto,8,2012
portuguese,5396,Setembro,9,2012
french,168,Setembro,9,2012
farsi,0,Setembro,9,2012
swedish,0,Setembro,9,2012
russian,1138,Setembro,9,2012
german,3,Setembro,9,2012
spanish,75,Setembro,9,2012
dutch,4,Setembro,9,2012
pinyin,0,Setembro,9,2012
english,2078,Setembro,9,2012
portuguese,10246,Outubro,10,2012
french,404,Outubro,10,2012
farsi,0,Outubro,10,2012
swedish,0,Outubro,10,2012
russian,979,Outubro,10,2012
german,8,Outubro,10,2012
spanish,124,Outubro,10,2012
dutch,57,Outubro,10,2012
pinyin,0,Outubro,10,2012
english,1978,Outubro,10,2012
portuguese,10823,Novembro,11,2012
french,240,Novembro,11,2012
farsi,0,Novembro,11,2012
swedish,0,Novembro,11,2012
russian,239,Novembro,11,2012
german,36,Novembro,11,2012
spanish,175,Novembro,11,2012
dutch,0,Novembro,11,2012
pinyin,0,Novembro,11,2012
english,2155,Novembro,11,2012
portuguese,6437,Dezembro,12,2012
french,193,Dezembro,12,2012
farsi,0,Dezembro,12,2012
swedish,1,Dezembro,12,2012
russian,298,Dezembro,12,2012
german,10,Dezembro,12,2012
spanish,180,Dezembro,12,2012
dutch,3,Dezembro,12,2012
pinyin,0,Dezembro,12,2012
english,1766,Dezembro,12,2012
portuguese,16672,Janeiro,1,2013
french,353,Janeiro,1,2013
farsi,0,Janeiro,1,2013
swedish,1,Janeiro,1,2013
russian,536,Janeiro,1,2013
german,18,Janeiro,1,2013
spanish,112,Janeiro,1,2013
dutch,13,Janeiro,1,2013
pinyin,0,Janeiro,1,2013
english,1640,Janeiro,1,2013
portuguese,5873,Fevereiro,2,2013
french,157,Fevereiro,2,2013
farsi,1,Fevereiro,2,2013
swedish,0,Fevereiro,2,2013
russian,297,Fevereiro,2,2013
german,18,Fevereiro,2,2013
spanish,132,Fevereiro,2,2013
dutch,11,Fevereiro,2,2013
pinyin,0,Fevereiro,2,2013
english,1592,Fevereiro,2,2013
portuguese,12122,Março,3,2013
french,159,Março,3,2013
farsi,0,Março,3,2013
swedish,0,Março,3,2013
russian,360,Março,3,2013
german,11,Março,3,2013
spanish,323,Março,3,2013
dutch,4,Março,3,2013
pinyin,0,Março,3,2013
english,1683,Março,3,2013
portuguese,9031,Abril,4,2013
french,191,Abril,4,2013
farsi,0,Abril,4,2013
swedish,4,Abril,4,2013
russian,302,Abril,4,2013
german,6,Abril,4,2013
spanish,78,Abril,4,2013
dutch,4,Abril,4,2013
pinyin,0,Abril,4,2013
english,1679,Abril,4,2013
portuguese,6210,Maio,5,2013
french,192,Maio,5,2013
farsi,0,Maio,5,2013
swedish,1,Maio,5,2013
russian,354,Maio,5,2013
german,6,Maio,5,2013
spanish,92,Maio,5,2013
dutch,5,Maio,5,2013
pinyin,0,Maio,5,2013
english,1591,Maio,5,2013
portuguese,8666,Junho,6,2013
french,169,Junho,6,2013
farsi,0,Junho,6,2013
swedish,0,Junho,6,2013
russian,201,Junho,6,2013
german,2,Junho,6,2013
spanish,90,Junho,6,2013
dutch,3,Junho,6,2013
pinyin,0,Junho,6,2013
english,1447,Junho,6,2013
portuguese,8855,Julho,7,2013
french,81,Julho,7,2013
farsi,0,Julho,7,2013
swedish,0,Julho,7,2013
russian,270,Julho,7,2013
german,8,Julho,7,2013
spanish,117,Julho,7,2013
dutch,4,Julho,7,2013
pinyin,0,Julho,7,2013
english,1184,Julho,7,2013
portuguese,5905,Agosto,8,2013
french,104,Agosto,8,2013
farsi,0,Agosto,8,2013
swedish,0,Agosto,8,2013
russian,138,Agosto,8,2013
german,6,Agosto,8,2013
spanish,172,Agosto,8,2013
dutch,3,Agosto,8,2013
pinyin,0,Agosto,8,2013
english,1613,Agosto,8,2013
portuguese,11230,Setembro,9,2013
french,120,Setembro,9,2013
farsi,1,Setembro,9,2013
swedish,13,Setembro,9,2013
russian,128,Setembro,9,2013
german,13,Setembro,9,2013
spanish,151,Setembro,9,2013
dutch,2,Setembro,9,2013
pinyin,0,Setembro,9,2013
english,1323,Setembro,9,2013
portuguese,26054,Outubro,10,2013
french,88,Outubro,10,2013
farsi,1,Outubro,10,2013
swedish,8,Outubro,10,2013
russian,119,Outubro,10,2013
german,6,Outubro,10,2013
spanish,64,Outubro,10,2013
dutch,8,Outubro,10,2013
pinyin,0,Outubro,10,2013
english,1268,Outubro,10,2013
portuguese,12744,Novembro,11,2013
french,125,Novembro,11,2013
farsi,0,Novembro,11,2013
swedish,0,Novembro,11,2013
russian,281,Novembro,11,2013
german,7,Novembro,11,2013
spanish,100,Novembro,11,2013
dutch,8,Novembro,11,2013
pinyin,0,Novembro,11,2013
english,1414,Novembro,11,2013
portuguese,13055,Dezembro,12,2013
french,49,Dezembro,12,2013
farsi,0,Dezembro,12,2013
swedish,0,Dezembro,12,2013
russian,97,Dezembro,12,2013
german,5,Dezembro,12,2013
spanish,68,Dezembro,12,2013
dutch,5,Dezembro,12,2013
pinyin,0,Dezembro,12,2013
english,1153,Dezembro,12,2013
portuguese,24483,Janeiro,1,2014
french,135,Janeiro,1,2014
farsi,0,Janeiro,1,2014
swedish,0,Janeiro,1,2014
russian,128,Janeiro,1,2014
german,2,Janeiro,1,2014
spanish,148,Janeiro,1,2014
dutch,13,Janeiro,1,2014
pinyin,0,Janeiro,1,2014
english,1200,Janeiro,1,2014
portuguese,36097,Fevereiro,2,2014
french,63,Fevereiro,2,2014
farsi,0,Fevereiro,2,2014
swedish,0,Fevereiro,2,2014
russian,121,Fevereiro,2,2014
german,2,Fevereiro,2,2014
spanish,89,Fevereiro,2,2014
dutch,9,Fevereiro,2,2014
pinyin,0,Fevereiro,2,2014
english,12731,Fevereiro,2,2014
portuguese,9314,Março,3,2014
french,87,Março,3,2014
farsi,0,Março,3,2014
swedish,0,Março,3,2014
russian,209,Março,3,2014
german,22,Março,3,2014
spanish,409,Março,3,2014
dutch,7,Março,3,2014
pinyin,0,Março,3,2014
english,1585,Março,3,2014
portuguese,7251,Abril,4,2014
french,65,Abril,4,2014
farsi,0,Abril,4,2014
swedish,0,Abril,4,2014
russian,173,Abril,4,2014
german,6,Abril,4,2014
spanish,149,Abril,4,2014
dutch,4,Abril,4,2014
pinyin,0,Abril,4,2014
english,1070,Abril,4,2014
portuguese,4326,Maio,5,2014
french,67,Maio,5,2014
farsi,1,Maio,5,2014
swedish,0,Maio,5,2014
russian,175,Maio,5,2014
german,2,Maio,5,2014
spanish,153,Maio,5,2014
dutch,4,Maio,5,2014
pinyin,0,Maio,5,2014
english,1246,Maio,5,2014
portuguese,11041,Junho,6,2014
french,76,Junho,6,2014
farsi,0,Junho,6,2014
swedish,0,Junho,6,2014
russian,291,Junho,6,2014
german,5,Junho,6,2014
spanish,142,Junho,6,2014
dutch,1,Junho,6,2014
pinyin,0,Junho,6,2014
english,1017,Junho,6,2014
portuguese,4228,Julho,7,2014
french,83,Julho,7,2014
farsi,2,Julho,7,2014
swedish,0,Julho,7,2014
russian,238,Julho,7,2014
german,3,Julho,7,2014
spanish,194,Julho,7,2014
dutch,4,Julho,7,2014
pinyin,0,Julho,7,2014
english,1039,Julho,7,2014
portuguese,3967,Agosto,8,2014
french,60,Agosto,8,2014
farsi,0,Agosto,8,2014
swedish,0,Agosto,8,2014
russian,146,Agosto,8,2014
german,4,Agosto,8,2014
spanish,67,Agosto,8,2014
dutch,2,Agosto,8,2014
pinyin,0,Agosto,8,2014
english,1064,Agosto,8,2014
portuguese,8418,Setembro,9,2014
french,49,Setembro,9,2014
farsi,0,Setembro,9,2014
swedish,0,Setembro,9,2014
russian,110,Setembro,9,2014
german,3,Setembro,9,2014
spanish,60,Setembro,9,2014
dutch,3,Setembro,9,2014
pinyin,0,Setembro,9,2014
english,967,Setembro,9,2014
portuguese,21351,Outubro,10,2014
french,98,Outubro,10,2014
farsi,1,Outubro,10,2014
swedish,0,Outubro,10,2014
russian,156,Outubro,10,2014
german,3,Outubro,10,2014
spanish,108,Outubro,10,2014
dutch,3,Outubro,10,2014
pinyin,0,Outubro,10,2014
english,1228,Outubro,10,2014
portuguese,7518,Novembro,11,2014
french,87,Novembro,11,2014
farsi,0,Novembro,11,2014
swedish,0,Novembro,11,2014
russian,648,Novembro,11,2014
german,1,Novembro,11,2014
spanish,148,Novembro,11,2014
dutch,3,Novembro,11,2014
pinyin,0,Novembro,11,2014
english,1002,Novembro,11,2014
portuguese,7983,Dezembro,12,2014
french,75,Dezembro,12,2014
farsi,0,Dezembro,12,2014
swedish,0,Dezembro,12,2014
russian,137,Dezembro,12,2014
german,2,Dezembro,12,2014
spanish,81,Dezembro,12,2014
dutch,0,Dezembro,12,2014
pinyin,0,Dezembro,12,2014
english,1182,Dezembro,12,2014
portuguese,7293,Janeiro,1,2015
french,128,Janeiro,1,2015
farsi,1,Janeiro,1,2015
swedish,0,Janeiro,1,2015
russian,127,Janeiro,1,2015
german,0,Janeiro,1,2015
spanish,72,Janeiro,1,2015
dutch,2,Janeiro,1,2015
pinyin,0,Janeiro,1,2015
english,1405,Janeiro,1,2015
portuguese,17050,Fevereiro,2,2015
french,97,Fevereiro,2,2015
farsi,0,Fevereiro,2,2015
swedish,1,Fevereiro,2,2015
russian,131,Fevereiro,2,2015
german,3,Fevereiro,2,2015
spanish,52,Fevereiro,2,2015
dutch,1,Fevereiro,2,2015
pinyin,0,Fevereiro,2,2015
english,1129,Fevereiro,2,2015
portuguese,8361,Março,3,2015
french,85,Março,3,2015
farsi,0,Março,3,2015
swedish,0,Março,3,2015
russian,106,Março,3,2015
german,2,Março,3,2015
spanish,45,Março,3,2015
dutch,0,Março,3,2015
pinyin,0,Março,3,2015
english,941,Março,3,2015
portuguese,22468,Abril,4,2015
french,58,Abril,4,2015
farsi,0,Abril,4,2015
swedish,0,Abril,4,2015
russian,423,Abril,4,2015
german,0,Abril,4,2015
spanish,116,Abril,4,2015
dutch,3,Abril,4,2015
pinyin,0,Abril,4,2015
english,1100,Abril,4,2015
portuguese,7177,Maio,5,2015
french,55,Maio,5,2015
farsi,0,Maio,5,2015
swedish,0,Maio,5,2015
russian,126,Maio,5,2015
german,2,Maio,5,2015
spanish,61,Maio,5,2015
dutch,0,Maio,5,2015
pinyin,0,Maio,5,2015
english,1367,Maio,5,2015
portuguese,9168,Junho,6,2015
french,114,Junho,6,2015
farsi,0,Junho,6,2015
swedish,0,Junho,6,2015
russian,124,Junho,6,2015
german,4,Junho,6,2015
spanish,68,Junho,6,2015
dutch,0,Junho,6,2015
pinyin,0,Junho,6,2015
english,1306,Junho,6,2015
portuguese,24139,Julho,7,2015
french,96,Julho,7,2015
farsi,0,Julho,7,2015
swedish,1,Julho,7,2015
russian,206,Julho,7,2015
german,8,Julho,7,2015
spanish,73,Julho,7,2015
dutch,1,Julho,7,2015
pinyin,0,Julho,7,2015
english,1402,Julho,7,2015
portuguese,16831,Agosto,8,2015
french,120,Agosto,8,2015
farsi,0,Agosto,8,2015
swedish,0,Agosto,8,2015
russian,117,Agosto,8,2015
german,4,Agosto,8,2015
spanish,74,Agosto,8,2015
dutch,4,Agosto,8,2015
pinyin,0,Agosto,8,2015
english,1274,Agosto,8,2015
portuguese,3919,Setembro,9,2015
french,122,Setembro,9,2015
farsi,0,Setembro,9,2015
swedish,0,Setembro,9,2015
russian,138,Setembro,9,2015
german,3,Setembro,9,2015
spanish,62,Setembro,9,2015
dutch,6,Setembro,9,2015
pinyin,0,Setembro,9,2015
english,1655,Setembro,9,2015
portuguese,2275,Outubro,10,2015
french,90,Outubro,10,2015
farsi,0,Outubro,10,2015
swedish,11,Outubro,10,2015
russian,367,Outubro,10,2015
german,1,Outubro,10,2015
spanish,46,Outubro,10,2015
dutch,1,Outubro,10,2015
pinyin,0,Outubro,10,2015
english,8310,Outubro,10,2015
portuguese,2414,Novembro,11,2015
french,121,Novembro,11,2015
farsi,0,Novembro,11,2015
swedish,10,Novembro,11,2015
russian,260,Novembro,11,2015
german,4,Novembro,11,2015
spanish,72,Novembro,11,2015
dutch,1,Novembro,11,2015
pinyin,0,Novembro,11,2015
english,8625,Novembro,11,2015
portuguese,1660,Dezembro,12,2015
french,98,Dezembro,12,2015
farsi,0,Dezembro,12,2015
swedish,21,Dezembro,12,2015
russian,258,Dezembro,12,2015
german,2,Dezembro,12,2015
spanish,55,Dezembro,12,2015
dutch,1,Dezembro,12,2015
pinyin,0,Dezembro,12,2015
english,7186,Dezembro,12,2015
portuguese,14528,Janeiro,1,2016
french,149,Janeiro,1,2016
farsi,1,Janeiro,1,2016
swedish,13,Janeiro,1,2016
russian,277,Janeiro,1,2016
german,6,Janeiro,1,2016
spanish,90,Janeiro,1,2016
dutch,2,Janeiro,1,2016
pinyin,0,Janeiro,1,2016
english,11689,Janeiro,1,2016
portuguese,7015,Fevereiro,2,2016
french,95,Fevereiro,2,2016
farsi,0,Fevereiro,2,2016
swedish,2,Fevereiro,2,2016
russian,256,Fevereiro,2,2016
german,6,Fevereiro,2,2016
spanish,50,Fevereiro,2,2016
dutch,0,Fevereiro,2,2016
pinyin,0,Fevereiro,2,2016
english,9366,Fevereiro,2,2016
portuguese,2366,Março,3,2016
french,74,Março,3,2016
farsi,0,Março,3,2016
swedish,0,Março,3,2016
russian,236,Março,3,2016
german,9,Março,3,2016
spanish,76,Março,3,2016
dutch,0,Março,3,2016
pinyin,0,Março,3,2016
english,3994,Março,3,2016
portuguese,2853,Abril,4,2016
french,177,Abril,4,2016
farsi,0,Abril,4,2016
swedish,0,Abril,4,2016
russian,429,Abril,4,2016
german,17,Abril,4,2016
spanish,69,Abril,4,2016
dutch,0,Abril,4,2016
pinyin,0,Abril,4,2016
english,4658,Abril,4,2016
portuguese,3398,Maio,5,2016
french,155,Maio,5,2016
farsi,1,Maio,5,2016
swedish,0,Maio,5,2016
russian,555,Maio,5,2016
german,17,Maio,5,2016
spanish,80,Maio,5,2016
dutch,0,Maio,5,2016
pinyin,0,Maio,5,2016
english,13771,Maio,5,2016
portuguese,2075,Junho,6,2016
french,152,Junho,6,2016
farsi,4,Junho,6,2016
swedish,1,Junho,6,2016
russian,187,Junho,6,2016
german,15,Junho,6,2016
spanish,45,Junho,6,2016
dutch,0,Junho,6,2016
pinyin,0,Junho,6,2016
english,3394,Junho,6,2016
portuguese,2174,Julho,7,2016
french,251,Julho,7,2016
farsi,0,Julho,7,2016
swedish,0,Julho,7,2016
russian,413,Julho,7,2016
german,15,Julho,7,2016
spanish,84,Julho,7,2016
dutch,0,Julho,7,2016
pinyin,0,Julho,7,2016
english,3630,Julho,7,2016
portuguese,3552,Agosto,8,2016
french,165,Agosto,8,2016
farsi,0,Agosto,8,2016
swedish,0,Agosto,8,2016
russian,688,Agosto,8,2016
german,32,Agosto,8,2016
spanish,118,Agosto,8,2016
dutch,0,Agosto,8,2016
pinyin,0,Agosto,8,2016
english,5157,Agosto,8,2016
portuguese,1937,Setembro,9,2016
french,314,Setembro,9,2016
farsi,1,Setembro,9,2016
swedish,0,Setembro,9,2016
russian,252,Setembro,9,2016
german,14,Setembro,9,2016
spanish,59,Setembro,9,2016
dutch,2,Setembro,9,2016
pinyin,0,Setembro,9,2016
english,5095,Setembro,9,2016
portuguese,663,Outubro,10,2016
french,62,Outubro,10,2016
farsi,1,Outubro,10,2016
swedish,4,Outubro,10,2016
russian,199,Outubro,10,2016
german,7,Outubro,10,2016
spanish,29,Outubro,10,2016
dutch,16,Outubro,10,2016
pinyin,0,Outubro,10,2016
english,1147,Outubro,10,2016
portuguese,457,Novembro,11,2016
french,36,Novembro,11,2016
farsi,1,Novembro,11,2016
swedish,4,Novembro,11,2016
russian,124,Novembro,11,2016
german,5,Novembro,11,2016
spanish,36,Novembro,11,2016
dutch,2,Novembro,11,2016
pinyin,0,Novembro,11,2016
english,1165,Novembro,11,2016
portuguese,453,Dezembro,12,2016
french,76,Dezembro,12,2016
farsi,2,Dezembro,12,2016
swedish,3,Dezembro,12,2016
russian,153,Dezembro,12,2016
german,4,Dezembro,12,2016
spanish,35,Dezembro,12,2016
dutch,2,Dezembro,12,2016
pinyin,0,Dezembro,12,2016
english,1639,Dezembro,12,2016
portuguese,1197,Janeiro,1,2017
french,107,Janeiro,1,2017
farsi,0,Janeiro,1,2017
swedish,2,Janeiro,1,2017
russian,190,Janeiro,1,2017
german,9,Janeiro,1,2017
spanish,41,Janeiro,1,2017
dutch,0,Janeiro,1,2017
pinyin,0,Janeiro,1,2017
english,1878,Janeiro,1,2017
portuguese,1131,Fevereiro,2,2017
french,67,Fevereiro,2,2017
farsi,0,Fevereiro,2,2017
swedish,1,Fevereiro,2,2017
russian,208,Fevereiro,2,2017
german,19,Fevereiro,2,2017
spanish,43,Fevereiro,2,2017
dutch,0,Fevereiro,2,2017
pinyin,0,Fevereiro,2,2017
english,3339,Fevereiro,2,2017
portuguese,1005,Março,3,2017
french,116,Março,3,2017
farsi,1,Março,3,2017
swedish,1,Março,3,2017
russian,359,Março,3,2017
german,14,Março,3,2017
spanish,46,Março,3,2017
dutch,1,Março,3,2017
pinyin,0,Março,3,2017
english,3110,Março,3,2017
portuguese,986,Abril,4,2017
french,107,Abril,4,2017
farsi,1,Abril,4,2017
swedish,0,Abril,4,2017
russian,159,Abril,4,2017
german,12,Abril,4,2017
spanish,51,Abril,4,2017
dutch,1,Abril,4,2017
pinyin,0,Abril,4,2017
english,9335,Abril,4,2017
portuguese,1105,Maio,5,2017
french,66,Maio,5,2017
farsi,2,Maio,5,2017
swedish,0,Maio,5,2017
russian,251,Maio,5,2017
german,10,Maio,5,2017
spanish,49,Maio,5,2017
dutch,0,Maio,5,2017
pinyin,0,Maio,5,2017
english,2878,Maio,5,2017
portuguese,1231,Junho,6,2017
french,105,Junho,6,2017
farsi,0,Junho,6,2017
swedish,0,Junho,6,2017
russian,227,Junho,6,2017
german,7,Junho,6,2017
spanish,37,Junho,6,2017
dutch,0,Junho,6,2017
pinyin,0,Junho,6,2017
english,2255,Junho,6,2017
portuguese,960,Julho,7,2017
french,68,Julho,7,2017
farsi,0,Julho,7,2017
swedish,0,Julho,7,2017
russian,288,Julho,7,2017
german,7,Julho,7,2017
spanish,72,Julho,7,2017
dutch,0,Julho,7,2017
pinyin,0,Julho,7,2017
english,2347,Julho,7,2017
portuguese,883,Agosto,8,2017
french,88,Agosto,8,2017
farsi,4,Agosto,8,2017
swedish,0,Agosto,8,2017
russian,270,Agosto,8,2017
german,6,Agosto,8,2017
spanish,63,Agosto,8,2017
dutch,5,Agosto,8,2017
pinyin,0,Agosto,8,2017
english,2515,Agosto,8,2017
portuguese,1282,Setembro,9,2017
french,100,Setembro,9,2017
farsi,0,Setembro,9,2017
swedish,1,Setembro,9,2017
russian,372,Setembro,9,2017
german,17,Setembro,9,2017
spanish,60,Setembro,9,2017
dutch,6,Setembro,9,2017
pinyin,0,Setembro,9,2017
english,2729,Setembro,9,2017
portuguese,892,Outubro,10,2017
french,161,Outubro,10,2017
farsi,4,Outubro,10,2017
swedish,0,Outubro,10,2017
russian,315,Outubro,10,2017
german,34,Outubro,10,2017
spanish,96,Outubro,10,2017
dutch,6,Outubro,10,2017
pinyin,0,Outubro,10,2017
english,2631,Outubro,10,2017
portuguese,1127,Novembro,11,2017
french,119,Novembro,11,2017
farsi,2,Novembro,11,2017
swedish,0,Novembro,11,2017
russian,300,Novembro,11,2017
german,33,Novembro,11,2017
spanish,215,Novembro,11,2017
dutch,0,Novembro,11,2017
pinyin,0,Novembro,11,2017
english,2189,Novembro,11,2017
portuguese,1002,Dezembro,12,2017
french,227,Dezembro,12,2017
farsi,1,Dezembro,12,2017
swedish,2,Dezembro,12,2017
russian,216,Dezembro,12,2017
german,14,Dezembro,12,2017
spanish,205,Dezembro,12,2017
dutch,2,Dezembro,12,2017
pinyin,0,Dezembro,12,2017
english,2370,Dezembro,12,2017
portuguese,6624,Janeiro,1,2018
french,82,Janeiro,1,2018
farsi,0,Janeiro,1,2018
swedish,0,Janeiro,1,2018
russian,606,Janeiro,1,2018
german,16,Janeiro,1,2018
spanish,47,Janeiro,1,2018
dutch,0,Janeiro,1,2018
pinyin,0,Janeiro,1,2018
english,2557,Janeiro,1,2018
portuguese,1034,Fevereiro,2,2018
french,132,Fevereiro,2,2018
farsi,2,Fevereiro,2,2018
swedish,1,Fevereiro,2,2018
russian,615,Fevereiro,2,2018
german,18,Fevereiro,2,2018
spanish,46,Fevereiro,2,2018
dutch,20,Fevereiro,2,2018
pinyin,0,Fevereiro,2,2018
english,2533,Fevereiro,2,2018
portuguese,1425,Março,3,2018
french,175,Março,3,2018
farsi,1,Março,3,2018
swedish,0,Março,3,2018
russian,380,Março,3,2018
german,7,Março,3,2018
spanish,51,Março,3,2018
dutch,4,Março,3,2018
pinyin,0,Março,3,2018
english,2947,Março,3,2018
portuguese,1088,Abril,4,2018
french,238,Abril,4,2018
farsi,1,Abril,4,2018
swedish,0,Abril,4,2018
russian,480,Abril,4,2018
german,6,Abril,4,2018
spanish,129,Abril,4,2018
dutch,1,Abril,4,2018
pinyin,0,Abril,4,2018
english,2854,Abril,4,2018
portuguese,928,Maio,5,2018
french,235,Maio,5,2018
farsi,1,Maio,5,2018
swedish,1,Maio,5,2018
russian,715,Maio,5,2018
german,6,Maio,5,2018
spanish,63,Maio,5,2018
dutch,5,Maio,5,2018
pinyin,0,Maio,5,2018
english,3061,Maio,5,2018
portuguese,1269,Junho,6,2018
french,181,Junho,6,2018
farsi,1,Junho,6,2018
swedish,1,Junho,6,2018
russian,412,Junho,6,2018
german,3,Junho,6,2018
spanish,48,Junho,6,2018
dutch,2,Junho,6,2018
pinyin,0,Junho,6,2018
english,2824,Junho,6,2018
portuguese,858,Julho,7,2018
french,185,Julho,7,2018
farsi,11,Julho,7,2018
swedish,8,Julho,7,2018
russian,429,Julho,7,2018
german,6,Julho,7,2018
spanish,75,Julho,7,2018
dutch,3,Julho,7,2018
pinyin,0,Julho,7,2018
english,2868,Julho,7,2018
portuguese,796,Agosto,8,2018
french,226,Agosto,8,2018
farsi,0,Agosto,8,2018
swedish,3,Agosto,8,2018
russian,779,Agosto,8,2018
german,3,Agosto,8,2018
spanish,122,Agosto,8,2018
dutch,0,Agosto,8,2018
pinyin,0,Agosto,8,2018
english,2697,Agosto,8,2018
portuguese,1515,Setembro,9,2018
french,202,Setembro,9,2018
farsi,7,Setembro,9,2018
swedish,0,Setembro,9,2018
russian,786,Setembro,9,2018
german,12,Setembro,9,2018
spanish,149,Setembro,9,2018
dutch,9,Setembro,9,2018
pinyin,0,Setembro,9,2018
english,3513,Setembro,9,2018
portuguese,10851,Outubro,10,2018
french,183,Outubro,10,2018
farsi,0,Outubro,10,2018
swedish,0,Outubro,10,2018
russian,3426,Outubro,10,2018
german,10,Outubro,10,2018
spanish,86,Outubro,10,2018
dutch,1,Outubro,10,2018
pinyin,2,Outubro,10,2018
english,13829,Outubro,10,2018
portuguese,972,Novembro,11,2018
french,156,Novembro,11,2018
farsi,4,Novembro,11,2018
swedish,0,Novembro,11,2018
russian,523,Novembro,11,2018
german,6,Novembro,11,2018
spanish,59,Novembro,11,2018
dutch,1,Novembro,11,2018
pinyin,0,Novembro,11,2018
english,3165,Novembro,11,2018
portuguese,851,Dezembro,12,2018
french,156,Dezembro,12,2018
farsi,1,Dezembro,12,2018
swedish,0,Dezembro,12,2018
russian,501,Dezembro,12,2018
german,11,Dezembro,12,2018
spanish,63,Dezembro,12,2018
dutch,1,Dezembro,12,2018
pinyin,3,Dezembro,12,2018
english,3164,Dezembro,12,2018
